Tiempo (sg),VolJet,CurrentJet (A),CapJet (Ah),VolMas,CurrentMas (A),CapMas (Ah),VolNav,CurrentNav (A),CapNav (Ah),VolGeo,CurrentGeo (A),CapGeo (Ah),VolSig,CurrentSig (A),CapSig (Ah)
1,7.88,0.899,0.0011,7.63,1.697,0.0007,7.71,1.098,0.0007,7.41,3.319,0.0014,7.67,2498.0,0.0012
2,7.88,0.899,0.0013,7.62,1.697,0.0011,7.72,1.098,0.001,7.42,3.319,0.0022,7.68,2498.0,0.0019
3,7.87,0.899,0.0015,7.62,1.697,0.0016,7.71,1.098,0.0013,7.43,3.319,0.0031,7.68,2498.0,0.0026
4,7.87,0.899,0.0018,7.62,1.697,0.002,7.72,1.098,0.0016,7.43,3.319,0.0039,7.69,2498.0,0.0034
5,7.87,0.899,0.0021,7.62,1.697,0.0026,7.72,1.098,0.0019,7.43,3.319,0.0051,7.69,2498.0,0.0041
6,7.87,0.899,0.0023,7.61,1.697,0.003,7.72,1.098,0.0022,7.42,3.319,0.0059,7.69,2498.0,0.0047
7,7.87,0.899,0.0025,7.61,1.697,0.0035,7.74,1.098,0.0025,7.41,3.319,0.0068,7.69,2498.0,0.0053
8,7.87,0.899,0.0028,7.61,1.697,0.0039,7.74,1.098,0.0029,7.41,3.319,0.0077,7.69,2498.0,0.0062
9,7.87,0.899,0.0031,7.61,1.697,0.0045,7.74,1.098,0.0032,7.42,3.319,0.0088,7.68,2498.0,0.0069
10,7.88,0.899,0.0033,7.61,1.697,0.0049,7.75,1.098,0.0034,7.42,3.319,0.0097,7.69,2498.0,0.0075
11,7.88,0.899,0.0036,7.61,1.697,0.0054,7.75,1.098,0.0037,7.43,3.319,0.0105,7.69,2498.0,0.0082
12,7.88,0.899,0.0038,7.61,1.697,0.0058,7.75,1.098,0.0041,7.44,3.319,0.0114,7.69,2498.0,0.0091
13,7.88,0.899,0.0041,7.61,1.697,0.0064,7.76,1.098,0.0044,7.44,3.319,0.0125,7.69,2498.0,0.0097
14,7.88,0.899,0.0043,7.6,1.697,0.0068,7.77,1.098,0.0047,7.44,3.319,0.0134,7.69,2498.0,0.0103
15,7.87,0.899,0.0046,7.6,1.697,0.0073,7.77,1.098,0.005,7.44,3.319,0.0143,7.69,2498.0,0.011
16,7.88,0.899,0.0048,7.6,1.697,0.0077,7.78,1.098,0.0053,7.44,3.319,0.0151,7.69,2498.0,0.0118
17,7.88,0.899,0.0051,7.6,1.697,0.0083,7.8,1.098,0.0056,7.44,3.319,0.0163,7.69,2498.0,0.0126
18,7.87,0.899,0.0053,7.6,1.697,0.0088,7.8,1.098,0.0059,7.43,3.319,0.0172,7.69,2499.0,0.0133
19,7.88,0.899,0.0056,7.6,1.697,0.0092,7.79,1.098,0.0062,7.43,3.319,0.018,7.69,2499.0,0.0139
20,7.88,0.899,0.0058,7.6,1.697,0.0096,7.8,1.098,0.0066,7.43,3.319,0.0189,7.69,2499.0,0.0145
21,7.88,0.899,0.0061,7.6,1.697,0.0102,7.8,1.098,0.0069,7.44,3.319,0.02,7.68,2499.0,0.0152
22,7.87,0.899,0.0063,7.6,1.697,0.0107,7.79,1.098,0.0072,7.45,3.319,0.0209,7.68,2499.0,0.016
23,7.86,0.899,0.0066,7.6,1.697,0.0111,7.79,1.098,0.0074,7.45,3.319,0.0217,7.68,2499.0,0.0167
24,7.86,0.899,0.0068,7.6,1.697,0.0115,7.78,1.098,0.0078,7.45,3.319,0.0226,7.68,2499.0,0.0173
25,7.86,0.899,0.0071,7.59,1.697,0.0121,7.78,1.098,0.0081,7.45,3.319,0.0238,7.67,2499.0,0.018
26,7.86,0.899,0.0074,7.59,1.697,0.0126,7.77,1.098,0.0084,7.45,3.319,0.0246,7.67,2499.0,0.0189
27,7.86,0.899,0.0076,7.59,1.697,0.013,7.77,1.098,0.0087,7.45,3.319,0.0255,7.68,2499.0,0.0195
28,7.86,0.899,0.0078,7.59,1.697,0.0135,7.77,1.098,0.0091,7.45,3.319,0.0264,7.68,2499.0,0.0202
29,7.86,0.899,0.0081,7.59,1.697,0.014,7.76,1.098,0.0093,7.45,3.319,0.0275,7.68,2499.0,0.0208
30,7.86,0.899,0.0084,7.59,1.697,0.0145,7.75,1.098,0.0096,7.45,3.319,0.0284,7.68,2499.0,0.0217
31,7.86,0.899,0.0086,7.59,1.697,0.0149,7.74,1.098,0.0099,7.45,3.319,0.0292,7.68,2499.0,0.0223
32,7.86,0.899,0.0088,7.59,1.697,0.0154,7.75,1.098,0.0103,7.45,3.319,0.0301,7.68,2499.0,0.023
33,7.86,0.899,0.0091,7.59,1.697,0.0159,7.76,1.098,0.0106,7.45,3.319,0.0312,7.68,2499.0,0.0236
34,7.86,0.899,0.0094,7.59,1.697,0.0164,7.75,1.098,0.0109,7.45,3.319,0.0321,7.68,2499.0,0.0245
35,7.85,0.899,0.0096,7.59,1.697,0.0168,7.75,1.098,0.0111,7.45,3.319,0.033,7.68,2499.0,0.0251
36,7.86,0.899,0.0098,7.59,1.697,0.0173,7.76,1.098,0.0115,7.44,3.319,0.0338,7.68,2499.0,0.0258
37,7.86,0.899,0.0102,7.59,1.697,0.0179,7.76,1.098,0.0118,7.45,3.319,0.035,7.68,2499.0,0.0264
38,7.85,0.899,0.0104,7.59,1.697,0.0183,7.76,1.098,0.0121,7.45,3.319,0.0358,7.68,2499.0,0.0273
39,7.86,0.899,0.0106,7.59,1.697,0.0187,7.77,1.098,0.0124,7.44,3.319,0.0367,7.68,2499.0,0.0279
40,7.86,0.899,0.0109,7.58,1.697,0.0192,7.76,1.098,0.0128,7.44,3.319,0.0375,7.68,2499.0,0.0286
41,7.86,0.899,0.0112,7.58,1.697,0.0198,7.77,1.098,0.0131,7.44,3.319,0.0387,7.68,2499.0,0.0293
42,7.87,0.899,0.0114,7.58,1.697,0.0202,7.78,1.098,0.0133,7.44,3.319,0.0396,7.68,2499.0,0.0301
43,7.87,0.899,0.0116,7.58,1.697,0.0207,7.77,1.098,0.0136,7.44,3.319,0.0404,7.68,2499.0,0.0308
44,7.87,0.899,0.0119,7.58,1.697,0.0211,7.78,1.098,0.014,7.44,3.319,0.0413,7.67,2499.0,0.0314
45,7.87,0.899,0.0121,7.58,1.697,0.0217,7.78,1.098,0.0143,7.44,3.319,0.0424,7.68,2499.0,0.0321
46,7.88,0.899,0.0124,7.58,1.697,0.0221,7.79,1.098,0.0146,7.44,3.319,0.0433,7.67,2499.0,0.0329
47,7.87,0.899,0.0126,7.58,1.697,0.0226,7.78,1.098,0.0148,7.44,3.319,0.0442,7.67,2499.0,0.0336
48,7.88,0.899,0.0129,7.58,1.697,0.023,7.78,1.098,0.0152,7.44,3.319,0.045,7.67,2499.0,0.0342
49,7.88,0.899,0.0132,7.58,1.697,0.0236,7.78,1.098,0.0155,7.44,3.319,0.0462,7.67,2499.0,0.0349
50,7.88,0.899,0.0134,7.58,1.697,0.024,7.78,1.098,0.0158,7.43,3.319,0.047,7.67,2499.0,0.0357
51,7.87,0.899,0.0137,7.58,1.697,0.0245,7.78,1.098,0.0161,7.43,3.319,0.0479,7.67,2499.0,0.0364
52,7.87,0.899,0.0139,7.58,1.697,0.0249,7.78,1.098,0.0165,7.43,3.319,0.0487,7.67,2499.0,0.037
53,7.88,0.899,0.0142,7.58,1.697,0.0255,7.78,1.098,0.0168,7.43,3.319,0.0499,7.67,2499.0,0.0377
54,7.87,0.899,0.0144,7.58,1.697,0.0259,7.77,1.098,0.017,7.43,3.319,0.0508,7.67,2499.0,0.0385
55,7.87,0.899,0.0147,7.58,1.697,0.0264,7.78,1.098,0.0173,7.43,3.319,0.0516,7.67,2499.0,0.0392
56,7.87,0.899,0.0149,7.58,1.697,0.0268,7.78,1.098,0.0177,7.43,3.319,0.0525,7.67,2499.0,0.0398
57,7.86,0.899,0.0152,7.57,1.697,0.0274,7.78,1.098,0.018,7.43,3.319,0.0536,7.67,2499.0,0.0405
58,7.86,0.899,0.0155,7.58,1.697,0.0278,7.81,1.098,0.0183,7.43,3.319,0.0545,7.67,2499.0,0.0414
59,7.86,0.899,0.0157,7.57,1.697,0.0283,7.84,1.098,0.0186,7.43,3.319,0.0554,7.67,2499.0,0.042
60,7.86,0.899,0.0159,7.57,1.697,0.0287,7.83,1.098,0.0189,7.43,3.319,0.0562,7.67,2499.0,0.0427
61,7.86,0.899,0.0162,7.57,1.697,0.0293,7.83,1.098,0.0192,7.42,3.319,0.0574,7.67,2499.0,0.0433
62,7.86,0.899,0.0165,7.57,1.697,0.0298,7.83,1.098,0.0195,7.42,3.319,0.0582,7.67,2499.0,0.0442
63,7.87,0.899,0.0167,7.57,1.697,0.0302,7.83,1.098,0.0198,7.42,3.319,0.0591,7.67,2499.0,0.0448
64,7.86,0.899,0.0169,7.57,1.697,0.0306,7.82,1.098,0.0202,7.42,3.319,0.0599,7.67,2499.0,0.0455
65,7.86,0.899,0.0172,7.57,1.697,0.0312,7.83,1.098,0.0205,7.42,3.319,0.0611,7.67,2499.0,0.0461
66,7.86,0.899,0.0175,7.57,1.697,0.0317,7.83,1.098,0.0207,7.42,3.319,0.062,7.66,2499.0,0.047
67,7.86,0.899,0.0177,7.57,1.697,0.0321,7.83,1.098,0.021,7.42,3.319,0.0628,7.66,2499.0,0.0476
68,7.87,0.899,0.0179,7.57,1.697,0.0325,7.83,1.098,0.0214,7.42,3.319,0.0637,7.66,2499.0,0.0483
69,7.87,0.899,0.0182,7.57,1.697,0.0331,7.83,1.098,0.0217,7.42,3.319,0.0648,7.66,2499.0,0.0489
70,7.87,0.899,0.0185,7.57,1.697,0.0336,7.83,1.098,0.022,7.42,3.319,0.0657,7.66,2499.0,0.0498
71,7.87,0.899,0.0187,7.57,1.697,0.034,7.83,1.098,0.0223,7.42,3.319,0.0666,7.67,2499.0,0.0504
72,7.87,0.899,0.019,7.57,1.697,0.0345,7.83,1.098,0.0226,7.42,3.319,0.0674,7.67,2499.0,0.0511
73,7.87,0.899,0.0193,7.57,1.697,0.035,7.83,1.098,0.0229,7.42,3.319,0.0686,7.66,2499.0,0.0517
74,7.86,0.899,0.0195,7.57,1.697,0.0355,7.82,1.098,0.0232,7.42,3.319,0.0694,7.66,2499.0,0.0526
75,7.86,0.899,0.0197,7.57,1.697,0.0359,7.83,1.098,0.0235,7.42,3.319,0.0703,7.67,2499.0,0.0533
76,7.86,0.899,0.02,7.57,1.697,0.0364,7.82,1.098,0.0239,7.42,3.319,0.0712,7.66,2499.0,0.0539
77,7.86,0.899,0.0203,7.57,1.697,0.0369,7.82,1.098,0.0242,7.42,3.319,0.0723,7.66,2499.0,0.0546
78,7.86,0.899,0.0205,7.57,1.697,0.0374,7.82,1.098,0.0244,7.42,3.319,0.0732,7.66,2499.0,0.0554
79,7.86,0.899,0.0207,7.57,1.697,0.0378,7.82,1.098,0.0247,7.42,3.319,0.074,7.66,2499.0,0.0561
80,7.87,0.899,0.021,7.57,1.697,0.0383,7.82,1.098,0.0251,7.42,3.319,0.0749,7.66,2499.0,0.0567
81,7.86,0.899,0.0213,7.57,1.697,0.0389,7.83,1.098,0.0254,7.42,3.319,0.076,7.66,2499.0,0.0574
82,7.86,0.899,0.0215,7.57,1.697,0.0393,7.82,1.098,0.0257,7.42,3.319,0.0769,7.66,2499.0,0.0582
83,7.87,0.899,0.0218,7.56,1.697,0.0397,7.83,1.098,0.026,7.42,3.319,0.0778,7.66,2499.0,0.0589
84,7.87,0.899,0.022,7.56,1.697,0.0402,7.82,1.098,0.0264,7.42,3.319,0.0786,7.65,2499.0,0.0595
85,7.87,0.899,0.0223,7.56,1.697,0.0408,7.82,1.098,0.0266,7.42,3.319,0.0798,7.66,2499.0,0.0602
86,7.87,0.899,0.0225,7.56,1.697,0.0412,7.82,1.098,0.0269,7.42,3.319,0.0806,7.66,2499.0,0.061
87,7.86,0.899,0.0228,7.56,1.697,0.0416,7.82,1.098,0.0272,7.42,3.319,0.0815,7.66,2499.0,0.0617
88,7.87,0.899,0.023,7.56,1.697,0.0421,7.82,1.098,0.0276,7.42,3.319,0.0824,7.65,2499.0,0.0623
89,7.86,0.899,0.0233,7.56,1.697,0.0427,7.82,1.098,0.0279,7.41,3.319,0.0835,7.65,2499.0,0.063
90,7.86,0.899,0.0235,7.56,1.697,0.0431,7.82,1.098,0.0282,7.41,3.319,0.0844,7.65,2499.0,0.0639
91,7.85,0.899,0.0238,7.56,1.697,0.0436,7.81,1.098,0.0284,7.41,3.319,0.0852,7.65,2499.0,0.0645
92,7.85,0.899,0.024,7.56,1.697,0.044,7.81,1.098,0.0288,7.41,3.319,0.0861,7.66,2499.0,0.0651
93,7.85,0.899,0.0243,7.56,1.697,0.0446,7.81,1.098,0.0291,7.41,3.319,0.0872,7.65,2499.0,0.0658
94,7.86,0.9,0.0246,7.56,1.697,0.045,7.81,1.098,0.0294,7.41,3.319,0.0881,7.65,2499.0,0.0667
95,7.85,0.899,0.0248,7.56,1.697,0.0455,7.81,1.098,0.0298,7.41,3.319,0.089,7.65,2499.0,0.0673
96,7.85,0.899,0.025,7.56,1.697,0.0459,7.81,1.098,0.0301,7.41,3.319,0.0898,7.65,2499.0,0.068
97,7.86,0.899,0.0253,7.56,1.697,0.0465,7.81,1.098,0.0303,7.41,3.319,0.091,7.65,2499.0,0.0686
98,7.85,0.899,0.0256,7.56,1.697,0.0469,7.8,1.098,0.0306,7.41,3.319,0.0918,7.65,2499.0,0.0695
99,7.85,0.899,0.0258,7.56,1.697,0.0474,7.8,1.098,0.0309,7.41,3.319,0.0927,7.65,2499.0,0.0701
100,7.85,0.899,0.026,7.56,1.697,0.0478,7.8,1.098,0.0313,7.41,3.319,0.0936,7.65,2499.0,0.0708
101,7.85,0.899,0.0263,7.56,1.697,0.0484,7.8,1.098,0.0316,7.41,3.319,0.0947,7.65,2499.0,0.0714
102,7.85,0.899,0.0266,7.56,1.697,0.0488,7.8,1.098,0.0319,7.41,3.319,0.0956,7.65,2499.0,0.0723
103,7.85,0.899,0.0268,7.56,1.697,0.0493,7.8,1.098,0.0321,7.42,3.319,0.0964,7.65,2499.0,0.0729
104,7.85,0.899,0.027,7.56,1.697,0.0497,7.8,1.098,0.0325,7.42,3.319,0.0973,7.65,2499.0,0.0736
105,7.84,0.899,0.0274,7.56,1.697,0.0503,7.8,1.098,0.0328,7.41,3.319,0.0984,7.65,2499.0,0.0742
106,7.84,0.899,0.0276,7.56,1.697,0.0508,7.8,1.098,0.0331,7.41,3.319,0.0993,7.65,2499.0,0.0751
107,7.84,0.899,0.0278,7.56,1.697,0.0512,7.8,1.098,0.0334,7.41,3.319,0.1002,7.65,2499.0,0.0757
108,7.84,0.899,0.0281,7.56,1.697,0.0516,7.8,1.098,0.0338,7.41,3.319,0.101,7.65,2499.0,0.0764
109,7.84,0.899,0.0284,7.56,1.697,0.0522,7.79,1.098,0.034,7.41,3.319,0.1022,7.65,2499.0,0.077
110,7.84,0.899,0.0286,7.56,1.697,0.0527,7.79,1.098,0.0343,7.41,3.319,0.103,7.65,2499.0,0.0779
111,7.84,0.899,0.0288,7.56,1.697,0.0531,7.79,1.098,0.0346,7.41,3.319,0.1039,7.65,2499.0,0.0786
112,7.84,0.899,0.0291,7.56,1.697,0.0536,7.79,1.098,0.035,7.41,3.319,0.1048,7.65,2499.0,0.0792
113,7.84,0.899,0.0294,7.56,1.697,0.0541,7.79,1.098,0.0353,7.41,3.319,0.1059,7.65,2499.0,0.0799
114,7.84,0.899,0.0296,7.56,1.697,0.0546,7.79,1.098,0.0356,7.41,3.319,0.1068,7.65,2499.0,0.0807
115,7.84,0.899,0.0298,7.55,1.697,0.055,7.79,1.098,0.0359,7.41,3.319,0.1076,7.65,2499.0,0.0814
116,7.85,0.899,0.0301,7.55,1.697,0.0555,7.79,1.098,0.0362,7.41,3.319,0.1085,7.65,2499.0,0.082
117,7.85,0.899,0.0304,7.55,1.697,0.056,7.8,1.098,0.0365,7.41,3.319,0.1096,7.65,2499.0,0.0827
118,7.84,0.899,0.0306,7.55,1.697,0.0565,7.79,1.098,0.0368,7.41,3.319,0.1105,7.65,2499.0,0.0836
119,7.84,0.899,0.0309,7.55,1.697,0.0569,7.79,1.098,0.0371,7.41,3.319,0.1114,7.65,2499.0,0.0842
120,7.84,0.899,0.0311,7.55,1.697,0.0574,7.79,1.098,0.0375,7.4,3.319,0.1122,7.65,2499.0,0.0848
121,7.84,0.899,0.0314,7.55,1.697,0.058,7.79,1.098,0.0378,7.41,3.319,0.1134,7.65,2499.0,0.0855
122,7.84,0.899,0.0316,7.55,1.697,0.0584,7.79,1.098,0.038,7.41,3.319,0.1143,7.65,2499.0,0.0864
123,7.84,0.899,0.0319,7.55,1.697,0.0588,7.79,1.098,0.0384,7.41,3.319,0.1151,7.65,2499.0,0.087
124,7.84,0.899,0.0321,7.55,1.697,0.0593,7.79,1.098,0.0387,7.41,3.319,0.116,7.65,2499.0,0.0876
125,7.85,0.899,0.0324,7.55,1.697,0.0599,7.79,1.098,0.0389,7.4,3.319,0.1171,7.64,2499.0,0.0883
126,7.85,0.899,0.0326,7.55,1.697,0.0603,7.79,1.098,0.0393,7.4,3.319,0.118,7.65,2499.0,0.0892
127,7.84,0.899,0.0329,7.55,1.697,0.0607,7.79,1.098,0.0396,7.4,3.319,0.1188,7.64,2499.0,0.0898
128,7.85,0.899,0.0331,7.55,1.697,0.0612,7.79,1.098,0.0399,7.4,3.319,0.1197,7.64,2499.0,0.0905
129,7.85,0.899,0.0334,7.55,1.697,0.0618,7.79,1.098,0.0402,7.4,3.319,0.1208,7.64,2499.0,0.0911
130,7.84,0.899,0.0337,7.55,1.697,0.0622,7.79,1.098,0.0406,7.39,3.319,0.1217,7.64,2499.0,0.092
131,7.85,0.899,0.0339,7.55,1.697,0.0627,7.79,1.098,0.0408,7.39,3.319,0.1226,7.64,2499.0,0.0926
132,7.85,0.899,0.0341,7.55,1.697,0.0631,7.79,1.098,0.0411,7.39,3.319,0.1234,7.64,2499.0,0.0933
133,7.85,0.899,0.0344,7.55,1.697,0.0637,7.79,1.098,0.0414,7.39,3.319,0.1246,7.64,2499.0,0.0939
134,7.85,0.899,0.0347,7.55,1.697,0.0641,7.79,1.098,0.0418,7.39,3.319,0.1254,7.64,2499.0,0.0948
135,7.84,0.899,0.0349,7.55,1.697,0.0646,7.79,1.098,0.0421,7.39,3.319,0.1264,7.64,2499.0,0.0954
136,7.84,0.899,0.0351,7.55,1.697,0.065,7.79,1.098,0.0424,7.39,3.319,0.1272,7.64,2499.0,0.0961
137,7.84,0.899,0.0354,7.55,1.697,0.0656,7.79,1.098,0.0426,7.39,3.319,0.1283,7.64,2499.0,0.0967
138,7.85,0.899,0.0357,7.55,1.697,0.066,7.8,1.098,0.043,7.39,3.319,0.1292,7.64,2499.0,0.0976
139,7.85,0.899,0.0359,7.55,1.697,0.0665,7.8,1.098,0.0433,7.39,3.319,0.13,7.64,2499.0,0.0982
140,7.85,0.899,0.0361,7.55,1.697,0.0669,7.8,1.098,0.0436,7.39,3.319,0.1309,7.64,2499.0,0.0989
141,7.85,0.899,0.0365,7.55,1.697,0.0675,7.8,1.098,0.044,7.39,3.319,0.132,7.64,2499.0,0.0996
142,7.85,0.899,0.0367,7.55,1.697,0.0679,7.8,1.098,0.0443,7.39,3.319,0.1329,7.64,2499.0,0.1004
143,7.85,0.899,0.0369,7.55,1.697,0.0684,7.8,1.098,0.0446,7.38,3.319,0.1338,7.64,2499.0,0.1011
144,7.85,0.899,0.0372,7.55,1.697,0.0688,7.8,1.098,0.0448,7.38,3.319,0.1347,7.64,2499.0,0.1017
145,7.86,0.899,0.0374,7.55,1.697,0.0694,7.8,1.098,0.0451,7.38,3.319,0.1358,7.64,2499.0,0.1023
146,7.85,0.899,0.0377,7.55,1.697,0.0699,7.8,1.098,0.0455,7.38,3.319,0.1366,7.64,2499.0,0.1032
147,7.86,0.899,0.0379,7.55,1.697,0.0703,7.8,1.098,0.0458,7.38,3.319,0.1375,7.64,2499.0,0.1039
148,7.85,0.899,0.0382,7.55,1.697,0.0707,7.8,1.098,0.0461,7.38,3.319,0.1384,7.64,2499.0,0.1045
149,7.85,0.899,0.0385,7.55,1.697,0.0713,7.8,1.098,0.0464,7.38,3.319,0.1395,7.63,2499.0,0.1052
150,7.85,0.899,0.0387,7.55,1.697,0.0718,7.8,1.098,0.0467,7.38,3.319,0.1404,7.63,2499.0,0.106
151,7.85,0.899,0.0389,7.55,1.697,0.0722,7.8,1.098,0.047,7.38,3.319,0.1412,7.63,2499.0,0.1067
152,7.85,0.899,0.0392,7.54,1.697,0.0726,7.79,1.098,0.0473,7.38,3.319,0.1421,7.63,2499.0,0.1073
153,7.85,0.899,0.0395,7.55,1.697,0.0732,7.79,1.098,0.0476,7.38,3.319,0.1433,7.63,2499.0,0.108
154,7.85,0.899,0.0397,7.54,1.697,0.0737,7.79,1.098,0.048,7.38,3.319,0.1441,7.63,2499.0,0.1088
155,7.85,0.899,0.04,7.54,1.697,0.0741,7.79,1.098,0.0483,7.38,3.319,0.145,7.63,2499.0,0.1095
156,7.85,0.899,0.0402,7.54,1.697,0.0746,7.79,1.098,0.0485,7.37,3.319,0.1458,7.63,2499.0,0.1101
157,7.85,0.899,0.0405,7.54,1.697,0.0751,7.79,1.098,0.0488,7.37,3.319,0.147,7.63,2499.0,0.1108
158,7.85,0.899,0.0407,7.54,1.697,0.0756,7.79,1.098,0.0492,7.36,3.319,0.1478,7.63,2499.0,0.1117
159,7.85,0.899,0.041,7.54,1.697,0.076,7.79,1.098,0.0495,7.36,3.319,0.1487,7.63,2499.0,0.1123
160,7.85,0.899,0.0412,7.54,1.697,0.0765,7.79,1.098,0.0498,7.36,3.319,0.1496,7.63,2499.0,0.1129
161,7.85,0.899,0.0415,7.54,1.697,0.0771,7.79,1.098,0.0502,7.36,3.319,0.1507,7.63,2499.0,0.1136
162,7.85,0.899,0.0417,7.54,1.697,0.0775,7.79,1.098,0.0505,7.36,3.319,0.1516,7.63,2499.0,0.1145
163,7.85,0.899,0.042,7.54,1.697,0.0779,7.79,1.098,0.0507,7.36,3.319,0.1524,7.63,2499.0,0.1151
164,7.85,0.899,0.0422,7.54,1.697,0.0784,7.79,1.098,0.051,7.36,3.319,0.1533,7.63,2499.0,0.1158
165,7.86,0.899,0.0425,7.54,1.697,0.079,7.79,1.098,0.0513,7.36,3.319,0.1545,7.63,2499.0,0.1164
166,7.86,0.899,0.0428,7.54,1.697,0.0794,7.79,1.098,0.0517,7.36,3.319,0.1553,7.63,2499.0,0.1173
167,7.86,0.899,0.043,7.54,1.697,0.0798,7.79,1.098,0.052,7.36,3.319,0.1562,7.63,2499.0,0.1179
168,7.86,0.899,0.0432,7.54,1.697,0.0803,7.79,1.098,0.0523,7.36,3.319,0.157,7.63,2499.0,0.1186
169,7.85,0.899,0.0435,7.54,1.697,0.0809,7.79,1.098,0.0525,7.36,3.319,0.1582,7.63,2499.0,0.1192
170,7.85,0.899,0.0438,7.54,1.697,0.0813,7.79,1.098,0.0529,7.36,3.319,0.159,7.63,2499.0,0.1201
171,7.86,0.899,0.044,7.54,1.697,0.0818,7.78,1.098,0.0532,7.36,3.319,0.1599,7.63,2499.0,0.1207
172,7.86,0.899,0.0442,7.54,1.697,0.0822,7.78,1.098,0.0535,7.36,3.319,0.1608,7.63,2499.0,0.1214
173,7.86,0.899,0.0446,7.54,1.697,0.0828,7.78,1.098,0.0538,7.36,3.319,0.1619,7.63,2499.0,0.122
174,7.86,0.899,0.0448,7.54,1.697,0.0832,7.78,1.098,0.0542,7.36,3.319,0.1628,7.62,2499.0,0.1229
175,7.86,0.899,0.045,7.54,1.697,0.0837,7.79,1.098,0.0544,7.36,3.319,0.1636,7.63,2499.0,0.1235
176,7.86,0.899,0.0453,7.54,1.697,0.0841,7.79,1.098,0.0547,7.36,3.319,0.1645,7.62,2499.0,0.1242
177,7.86,0.899,0.0456,7.54,1.697,0.0847,7.79,1.098,0.055,7.36,3.319,0.1657,7.62,2499.0,0.1248
178,7.86,0.899,0.0458,7.54,1.697,0.0851,7.79,1.098,0.0554,7.36,3.319,0.1665,7.62,2499.0,0.1257
179,7.86,0.899,0.046,7.54,1.697,0.0856,7.79,1.098,0.0557,7.36,3.319,0.1674,7.62,2499.0,0.1264
180,7.86,0.899,0.0463,7.54,1.697,0.086,7.78,1.098,0.056,7.36,3.319,0.1682,7.62,2499.0,0.127
181,7.86,0.899,0.0466,7.54,1.697,0.0866,7.78,1.098,0.0563,7.36,3.319,0.1694,7.62,2499.0,0.1277
182,7.86,0.899,0.0468,7.54,1.697,0.087,7.78,1.098,0.0566,7.36,3.319,0.1702,7.62,2499.0,0.1285
183,7.86,0.899,0.047,7.54,1.697,0.0875,7.78,1.098,0.0569,7.36,3.319,0.1711,7.62,2499.0,0.1292
184,7.86,0.899,0.0473,7.54,1.697,0.0879,7.78,1.098,0.0572,7.36,3.319,0.172,7.62,2499.0,0.1298
185,7.86,0.899,0.0476,7.54,1.697,0.0885,7.79,1.098,0.0575,7.36,3.319,0.1731,7.62,2499.0,0.1305
186,7.86,0.899,0.0478,7.54,1.697,0.0889,7.79,1.098,0.0579,7.36,3.319,0.174,7.62,2499.0,0.1313
187,7.86,0.899,0.048,7.54,1.697,0.0894,7.78,1.098,0.0582,7.36,3.319,0.1749,7.62,2499.0,0.132
188,7.86,0.899,0.0483,7.54,1.697,0.0898,7.78,1.098,0.0584,7.36,3.319,0.1757,7.62,2499.0,0.1326
189,7.86,0.899,0.0486,7.54,1.697,0.0904,7.79,1.098,0.0587,7.36,3.319,0.1769,7.62,2499.0,0.1333
190,7.86,0.899,0.0488,7.53,1.697,0.0909,7.79,1.098,0.0591,7.36,3.319,0.1777,7.62,2499.0,0.1342
191,7.86,0.899,0.0491,7.54,1.697,0.0913,7.79,1.098,0.0594,7.36,3.319,0.1786,7.62,2499.0,0.1348
192,7.86,0.899,0.0493,7.54,1.697,0.0917,7.79,1.098,0.0597,7.36,3.319,0.1794,7.62,2499.0,0.1354
193,7.86,0.899,0.0496,7.53,1.697,0.0923,7.79,1.098,0.06,7.36,3.319,0.1806,7.62,2499.0,0.1361
194,7.87,0.899,0.0498,7.53,1.697,0.0928,7.78,1.098,0.0603,7.36,3.319,0.1814,7.61,2499.0,0.137
195,7.87,0.899,0.0501,7.53,1.697,0.0932,7.78,1.098,0.0606,7.36,3.319,0.1823,7.61,2499.0,0.1376
196,7.86,0.899,0.0503,7.53,1.697,0.0937,7.79,1.098,0.0609,7.36,3.319,0.1832,7.61,2499.0,0.1383
197,7.87,0.899,0.0506,7.53,1.697,0.0942,7.79,1.098,0.0612,7.36,3.319,0.1843,7.61,2499.0,0.1389
198,7.87,0.899,0.0509,7.53,1.697,0.0947,7.79,1.098,0.0616,7.36,3.319,0.1852,7.61,2499.0,0.1398
199,7.87,0.899,0.0511,7.53,1.697,0.0951,7.78,1.098,0.0619,7.36,3.319,0.186,7.61,2499.0,0.1404
200,7.87,0.899,0.0513,7.53,1.697,0.0956,7.79,1.098,0.0621,7.36,3.319,0.1869,7.61,2499.0,0.1411
201,7.86,0.899,0.0516,7.53,1.697,0.0961,7.78,1.098,0.0624,7.36,3.319,0.1881,7.61,2499.0,0.1417
202,7.86,0.899,0.0519,7.53,1.697,0.0966,7.78,1.098,0.0628,7.35,3.319,0.1889,7.61,2499.0,0.1426
203,7.87,0.899,0.0521,7.53,1.697,0.097,7.78,1.098,0.0631,7.35,3.319,0.1898,7.61,2499.0,0.1432
204,7.86,0.899,0.0523,7.53,1.697,0.0975,7.78,1.098,0.0634,7.35,3.319,0.1906,7.61,2499.0,0.1439
205,7.86,0.899,0.0526,7.53,1.697,0.0981,7.78,1.098,0.0637,7.35,3.319,0.1918,7.61,2499.0,0.1445
206,7.86,0.899,0.0529,7.53,1.697,0.0985,7.78,1.098,0.0641,7.35,3.319,0.1926,7.61,2499.0,0.1454
207,7.86,0.899,0.0531,7.53,1.697,0.0989,7.78,1.098,0.0643,7.35,3.319,0.1935,7.61,2499.0,0.146
208,7.86,0.899,0.0533,7.53,1.697,0.0994,7.78,1.098,0.0646,7.35,3.319,0.1944,7.61,2499.0,0.1467
209,7.86,0.899,0.0537,7.53,1.697,0.1,7.78,1.098,0.0649,7.35,3.319,0.1955,7.61,2499.0,0.1473
210,7.86,0.899,0.0539,7.53,1.697,0.1004,7.78,1.098,0.0653,7.35,3.319,0.1964,7.61,2499.0,0.1482
211,7.86,0.899,0.0541,7.53,1.697,0.1008,7.78,1.098,0.0656,7.35,3.319,0.1973,7.61,2499.0,0.1489
212,7.86,0.899,0.0544,7.53,1.697,0.1013,7.78,1.098,0.0659,7.35,3.319,0.1981,7.61,2499.0,0.1495
213,7.86,0.899,0.0547,7.53,1.697,0.1019,7.78,1.098,0.0661,7.35,3.319,0.1993,7.6,2499.0,0.1502
214,7.86,0.899,0.0549,7.53,1.697,0.1023,7.78,1.098,0.0665,7.35,3.319,0.2001,7.6,2499.0,0.151
215,7.86,0.899,0.0551,7.53,1.697,0.1028,7.78,1.098,0.0668,7.35,3.319,0.201,7.6,2499.0,0.1517
216,7.86,0.899,0.0554,7.53,1.697,0.1032,7.78,1.098,0.0671,7.35,3.319,0.2018,7.6,2499.0,0.1523
217,7.86,0.899,0.0557,7.53,1.697,0.1038,7.77,1.098,0.0674,7.35,3.319,0.203,7.6,2499.0,0.153
218,7.86,0.899,0.0559,7.53,1.697,0.1042,7.78,1.098,0.0678,7.35,3.319,0.2039,7.6,2499.0,0.1538
219,7.86,0.899,0.0561,7.53,1.697,0.1047,7.77,1.098,0.068,7.35,3.319,0.2047,7.6,2499.0,0.1545
220,7.85,0.899,0.0564,7.53,1.697,0.1051,7.77,1.098,0.0683,7.35,3.319,0.2056,7.6,2499.0,0.1551
221,7.86,0.899,0.0567,7.53,1.697,0.1057,7.77,1.098,0.0687,7.35,3.319,0.2067,7.6,2499.0,0.1558
222,7.86,0.899,0.0569,7.53,1.697,0.1061,7.77,1.098,0.069,7.35,3.319,0.2076,7.6,2499.0,0.1566
223,7.86,0.899,0.0572,7.53,1.697,0.1066,7.77,1.098,0.0693,7.35,3.319,0.2084,7.6,2499.0,0.1573
224,7.86,0.899,0.0574,7.53,1.697,0.107,7.77,1.098,0.0696,7.35,3.319,0.2093,7.6,2499.0,0.1579
225,7.85,0.899,0.0577,7.53,1.697,0.1076,7.77,1.098,0.0699,7.35,3.319,0.2105,7.6,2499.0,0.1586
226,7.85,0.899,0.0579,7.53,1.697,0.108,7.77,1.098,0.0702,7.35,3.319,0.2113,7.6,2499.0,0.1594
227,7.86,0.899,0.0582,7.53,1.697,0.1085,7.77,1.098,0.0705,7.35,3.319,0.2122,7.6,2499.0,0.1601
228,7.86,0.899,0.0584,7.53,1.697,0.1089,7.77,1.098,0.0708,7.35,3.319,0.213,7.6,2499.0,0.1608
229,7.86,0.899,0.0587,7.53,1.697,0.1095,7.77,1.098,0.0711,7.35,3.319,0.2142,7.6,2499.0,0.1614
230,7.86,0.899,0.0589,7.53,1.697,0.11,7.77,1.098,0.0715,7.35,3.319,0.2151,7.6,2499.0,0.1623
231,7.86,0.899,0.0592,7.53,1.697,0.1104,7.77,1.098,0.0718,7.34,3.319,0.2159,7.6,2499.0,0.1629
232,7.86,0.899,0.0594,7.53,1.697,0.1108,7.77,1.098,0.072,7.34,3.319,0.2168,7.6,2499.0,0.1636
233,7.86,0.899,0.0597,7.52,1.697,0.1114,7.77,1.098,0.0723,7.34,3.319,0.2179,7.6,2499.0,0.1642
234,7.86,0.899,0.06,7.53,1.697,0.1119,7.77,1.098,0.0727,7.34,3.319,0.2188,7.6,2499.0,0.1651
235,7.86,0.899,0.0602,7.53,1.697,0.1123,7.77,1.098,0.073,7.34,3.319,0.2197,7.6,2499.0,0.1657
236,7.85,0.899,0.0604,7.53,1.697,0.1127,7.77,1.098,0.0733,7.34,3.319,0.2205,7.6,2499.0,0.1664
237,7.85,0.899,0.0607,7.52,1.697,0.1133,7.77,1.098,0.0737,7.34,3.319,0.2217,7.6,2499.0,0.167
238,7.85,0.899,0.061,7.52,1.697,0.1138,7.77,1.098,0.0739,7.34,3.319,0.2225,7.6,2499.0,0.1679
239,7.85,0.899,0.0612,7.52,1.697,0.1142,7.77,1.098,0.0742,7.34,3.319,0.2234,7.6,2499.0,0.1685
240,7.85,0.899,0.0614,7.52,1.697,0.1146,7.77,1.098,0.0745,7.34,3.319,0.2242,7.6,2499.0,0.1692
241,7.85,0.899,0.0617,7.52,1.697,0.1152,7.77,1.098,0.0748,7.34,3.319,0.2254,7.6,2499.0,0.1699
242,7.85,0.899,0.062,7.52,1.697,0.1157,7.77,1.098,0.0752,7.34,3.319,0.2263,7.6,2499.0,0.1707
243,7.85,0.899,0.0622,7.52,1.697,0.1161,7.77,1.098,0.0755,7.34,3.319,0.2271,7.6,2499.0,0.1714
244,7.85,0.899,0.0624,7.52,1.697,0.1166,7.77,1.098,0.0758,7.34,3.319,0.228,7.6,2499.0,0.172
245,7.85,0.899,0.0627,7.52,1.697,0.1171,7.77,1.098,0.076,7.34,3.319,0.2291,7.6,2499.0,0.1726
246,7.85,0.899,0.063,7.52,1.697,0.1176,7.77,1.098,0.0764,7.34,3.319,0.23,7.59,2499.0,0.1735
247,7.85,0.899,0.0632,7.52,1.697,0.118,7.77,1.098,0.0767,7.34,3.319,0.2309,7.59,2499.0,0.1742
248,7.85,0.899,0.0635,7.52,1.697,0.1185,7.77,1.098,0.077,7.34,3.319,0.2317,7.59,2499.0,0.1748
249,7.85,0.899,0.0638,7.52,1.697,0.1191,7.77,1.098,0.0773,7.34,3.319,0.2329,7.59,2499.0,0.1755
250,7.85,0.899,0.064,7.52,1.697,0.1195,7.77,1.098,0.0777,7.34,3.319,0.2337,7.59,2499.0,0.1763
251,7.85,0.899,0.0642,7.52,1.697,0.1199,7.77,1.098,0.0779,7.34,3.319,0.2346,7.59,2499.0,0.177
252,7.85,0.899,0.0645,7.52,1.697,0.1204,7.77,1.098,0.0782,7.34,3.319,0.2355,7.59,2499.0,0.1776
253,7.85,0.899,0.0648,7.52,1.697,0.121,7.76,1.098,0.0785,7.33,3.319,0.2366,7.59,2499.0,0.1783
254,7.85,0.899,0.065,7.52,1.697,0.1214,7.76,1.098,0.0789,7.33,3.319,0.2375,7.59,2499.0,0.1791
255,7.85,0.899,0.0652,7.52,1.697,0.1219,7.76,1.098,0.0792,7.33,3.319,0.2383,7.59,2499.0,0.1798
256,7.85,0.899,0.0655,7.52,1.697,0.1223,7.76,1.098,0.0795,7.33,3.319,0.2392,7.59,2499.0,0.1804
257,7.85,0.899,0.0658,7.52,1.697,0.1229,7.76,1.098,0.0797,7.33,3.319,0.2403,7.59,2499.0,0.1811
258,7.85,0.899,0.066,7.52,1.697,0.1233,7.76,1.098,0.0801,7.33,3.319,0.2412,7.59,2499.0,0.1819
259,7.85,0.899,0.0663,7.52,1.697,0.1238,7.76,1.098,0.0804,7.33,3.319,0.2421,7.59,2499.0,0.1826
260,7.85,0.899,0.0665,7.52,1.697,0.1242,7.76,1.098,0.0807,7.33,3.319,0.2429,7.59,2499.0,0.1832
261,7.84,0.899,0.0668,7.52,1.697,0.1248,7.76,1.098,0.081,7.33,3.319,0.2441,7.59,2499.0,0.1839
262,7.84,0.899,0.067,7.52,1.697,0.1252,7.76,1.098,0.0814,7.33,3.319,0.2449,7.59,2499.0,0.1848
263,7.84,0.899,0.0673,7.52,1.697,0.1257,7.76,1.098,0.0817,7.33,3.319,0.2458,7.59,2499.0,0.1854
264,7.84,0.899,0.0675,7.52,1.697,0.1261,7.76,1.098,0.0819,7.33,3.319,0.2466,7.59,2499.0,0.1861
265,7.84,0.899,0.0678,7.52,1.697,0.1267,7.76,1.098,0.0822,7.33,3.319,0.2478,7.59,2499.0,0.1867
266,7.84,0.899,0.068,7.52,1.697,0.1271,7.76,1.098,0.0826,7.33,3.319,0.2487,7.59,2499.0,0.1876
267,7.84,0.899,0.0683,7.52,1.697,0.1276,7.76,1.098,0.0829,7.33,3.319,0.2495,7.59,2499.0,0.1882
268,7.84,0.899,0.0685,7.52,1.697,0.128,7.76,1.098,0.0832,7.33,3.319,0.2504,7.59,2499.0,0.1889
269,7.84,0.899,0.0688,7.52,1.697,0.1286,7.76,1.098,0.0835,7.33,3.319,0.2516,7.59,2499.0,0.1895
270,7.84,0.899,0.0691,7.52,1.697,0.129,7.76,1.098,0.0838,7.33,3.319,0.2524,7.59,2499.0,0.1904
271,7.84,0.899,0.0693,7.52,1.697,0.1295,7.76,1.098,0.0841,7.32,3.319,0.2533,7.59,2499.0,0.191
272,7.84,0.899,0.0695,7.52,1.697,0.1299,7.76,1.098,0.0844,7.32,3.319,0.2541,7.59,2499.0,0.1917
273,7.84,0.899,0.0698,7.52,1.697,0.1305,7.76,1.098,0.0847,7.32,3.319,0.2553,7.59,2499.0,0.1923
274,7.84,0.899,0.0701,7.52,1.697,0.131,7.76,1.098,0.0851,7.32,3.319,0.2561,7.59,2499.0,0.1932
275,7.83,0.899,0.0703,7.52,1.697,0.1314,7.76,1.098,0.0854,7.32,3.319,0.257,7.58,2499.0,0.1938
276,7.83,0.899,0.0705,7.52,1.697,0.1318,7.76,1.098,0.0856,7.32,3.319,0.2579,7.58,2499.0,0.1945
277,7.83,0.899,0.0708,7.52,1.697,0.1324,7.76,1.098,0.0859,7.32,3.319,0.259,7.58,2499.0,0.1951
278,7.83,0.899,0.0711,7.52,1.697,0.1329,7.76,1.098,0.0863,7.32,3.319,0.2599,7.58,2499.0,0.196
279,7.83,0.899,0.0713,7.52,1.697,0.1333,7.76,1.098,0.0866,7.32,3.319,0.2607,7.58,2499.0,0.1967
280,7.83,0.899,0.0716,7.52,1.697,0.1337,7.76,1.098,0.0869,7.32,3.319,0.2616,7.58,2499.0,0.1973
281,7.84,0.899,0.0719,7.51,1.697,0.1343,7.76,1.098,0.0872,7.32,3.319,0.2627,7.58,2499.0,0.198
282,7.83,0.899,0.0721,7.51,1.697,0.1348,7.76,1.098,0.0875,7.32,3.319,0.2636,7.58,2499.0,0.1988
283,7.83,0.899,0.0723,7.51,1.697,0.1352,7.76,1.098,0.0878,7.32,3.319,0.2645,7.58,2499.0,0.1995
284,7.83,0.899,0.0726,7.51,1.697,0.1357,7.76,1.098,0.0881,7.32,3.319,0.2653,7.58,2499.0,0.2001
285,7.83,0.899,0.0729,7.51,1.697,0.1362,7.76,1.098,0.0884,7.32,3.319,0.2665,7.58,2499.0,0.2008
286,7.83,0.899,0.0731,7.51,1.697,0.1367,7.76,1.098,0.0888,7.32,3.319,0.2673,7.58,2499.0,0.2016
287,7.83,0.899,0.0733,7.51,1.697,0.1371,7.76,1.098,0.0891,7.32,3.319,0.2682,7.58,2499.0,0.2023
288,7.83,0.899,0.0736,7.51,1.697,0.1376,7.76,1.098,0.0894,7.31,3.319,0.2691,7.58,2499.0,0.2029
289,7.83,0.899,0.0739,7.51,1.697,0.1382,7.76,1.098,0.0896,7.31,3.319,0.2702,7.58,2499.0,0.2036
290,7.83,0.899,0.0741,7.51,1.697,0.1386,7.76,1.098,0.09,7.31,3.319,0.2711,7.58,2499.0,0.2044
291,7.83,0.899,0.0743,7.51,1.697,0.139,7.76,1.098,0.0903,7.31,3.319,0.2719,7.58,2499.0,0.2051
292,7.83,0.899,0.0746,7.51,1.697,0.1395,7.76,1.098,0.0906,7.31,3.319,0.2728,7.58,2499.0,0.2057
293,7.84,0.899,0.0749,7.51,1.697,0.1401,7.76,1.098,0.0909,7.31,3.319,0.2739,7.58,2499.0,0.2064
294,7.84,0.899,0.0751,7.51,1.697,0.1405,7.76,1.098,0.0913,7.31,3.319,0.2748,7.58,2499.0,0.2073
295,7.84,0.899,0.0754,7.51,1.697,0.1409,7.76,1.098,0.0915,7.31,3.319,0.2757,7.58,2499.0,0.2079
296,7.84,0.899,0.0756,7.51,1.697,0.1414,7.76,1.098,0.0918,7.31,3.319,0.2765,7.58,2499.0,0.2086
297,7.84,0.899,0.0759,7.51,1.697,0.142,7.76,1.098,0.0921,7.31,3.319,0.2777,7.58,2499.0,0.2092
298,7.84,0.899,0.0761,7.51,1.697,0.1424,7.76,1.098,0.0925,7.31,3.319,0.2786,7.58,2499.0,0.2101
299,7.84,0.899,0.0764,7.51,1.697,0.1428,7.76,1.098,0.0928,7.31,3.319,0.2794,7.58,2499.0,0.2107
300,7.84,0.899,0.0766,7.51,1.697,0.1433,7.76,1.098,0.0931,7.31,3.319,0.2803,7.57,2499.0,0.2114
301,7.84,0.899,0.0769,7.51,1.697,0.1439,7.76,1.098,0.0933,7.31,3.319,0.2814,7.57,2499.0,0.212
302,7.84,0.899,0.0772,7.51,1.697,0.1443,7.76,1.098,0.0937,7.31,3.319,0.2823,7.57,2499.0,0.2129
303,7.84,0.899,0.0774,7.51,1.697,0.1448,7.76,1.098,0.094,7.31,3.319,0.2831,7.57,2499.0,0.2135
304,7.84,0.899,0.0776,7.51,1.697,0.1452,7.76,1.098,0.0943,7.31,3.319,0.284,7.57,2499.0,0.2142
305,7.84,0.899,0.0779,7.51,1.697,0.1458,7.76,1.098,0.0946,7.31,3.319,0.2852,7.57,2499.0,0.2148
306,7.84,0.899,0.0782,7.51,1.697,0.1462,7.76,1.098,0.095,7.31,3.319,0.286,7.57,2499.0,0.2157
307,7.84,0.899,0.0784,7.51,1.697,0.1467,7.76,1.098,0.0953,7.3,3.319,0.2869,7.57,2499.0,0.2163
308,7.84,0.899,0.0786,7.51,1.697,0.1471,7.76,1.098,0.0955,7.3,3.319,0.2877,7.57,2499.0,0.217
309,7.84,0.899,0.0789,7.51,1.697,0.1477,7.76,1.098,0.0958,7.3,3.319,0.2889,7.57,2499.0,0.2176
310,7.84,0.899,0.0792,7.51,1.697,0.1481,7.76,1.098,0.0962,7.3,3.319,0.2898,7.57,2499.0,0.2185
311,7.84,0.899,0.0794,7.51,1.697,0.1486,7.76,1.098,0.0965,7.3,3.319,0.2906,7.57,2499.0,0.2192
312,7.84,0.899,0.0796,7.51,1.697,0.149,7.76,1.098,0.0968,7.3,3.319,0.2915,7.57,2499.0,0.2198
313,7.84,0.899,0.08,7.51,1.697,0.1496,7.76,1.098,0.0971,7.3,3.319,0.2926,7.57,2499.0,0.2205
314,7.84,0.899,0.0802,7.51,1.697,0.15,7.77,1.098,0.0974,7.3,3.319,0.2935,7.57,2499.0,0.2213
315,7.84,0.899,0.0804,7.51,1.697,0.1505,7.77,1.098,0.0977,7.3,3.319,0.2943,7.57,2499.0,0.222
316,7.84,0.899,0.0807,7.51,1.697,0.1509,7.77,1.098,0.098,7.3,3.319,0.2952,7.57,2499.0,0.2226
317,7.85,0.899,0.081,7.51,1.697,0.1515,7.77,1.098,0.0983,7.3,3.319,0.2964,7.57,2499.0,0.2233
318,7.85,0.899,0.0812,7.51,1.697,0.152,7.77,1.098,0.0987,7.29,3.319,0.2972,7.57,2499.0,0.2241
319,7.85,0.899,0.0814,7.51,1.697,0.1524,7.77,1.098,0.099,7.29,3.319,0.2981,7.57,2499.0,0.2248
320,7.84,0.899,0.0817,7.51,1.697,0.1528,7.76,1.098,0.0992,7.29,3.319,0.299,7.57,2499.0,0.2254
321,7.84,0.899,0.082,7.51,1.697,0.1534,7.77,1.098,0.0995,7.29,3.319,0.3001,7.57,2499.0,0.2261
322,7.84,0.899,0.0822,7.51,1.697,0.1539,7.76,1.098,0.0999,7.29,3.319,0.301,7.57,2499.0,0.2269
323,7.84,0.899,0.0824,7.51,1.697,0.1543,7.76,1.098,0.1002,7.29,3.319,0.3018,7.57,2499.0,0.2276
324,7.84,0.899,0.0827,7.51,1.697,0.1547,7.76,1.098,0.1005,7.29,3.319,0.3027,7.56,2499.0,0.2283
325,7.84,0.899,0.083,7.5,1.697,0.1553,7.76,1.098,0.1008,7.29,3.319,0.3038,7.56,2499.0,0.2289
326,7.85,0.899,0.0832,7.5,1.697,0.1558,7.76,1.098,0.1012,7.29,3.319,0.3047,7.56,2499.0,0.2297
327,7.85,0.899,0.0835,7.5,1.697,0.1562,7.76,1.098,0.1014,7.29,3.319,0.3055,7.56,2499.0,0.2304
328,7.85,0.899,0.0837,7.5,1.697,0.1567,7.76,1.098,0.1017,7.29,3.319,0.3064,7.56,2499.0,0.231
329,7.85,0.899,0.084,7.5,1.697,0.1572,7.76,1.098,0.102,7.29,3.319,0.3076,7.56,2499.0,0.2317
330,7.84,0.899,0.0842,7.5,1.697,0.1577,7.76,1.098,0.1024,7.29,3.319,0.3084,7.56,2499.0,0.2326
331,7.84,0.899,0.0845,7.5,1.697,0.1581,7.76,1.098,0.1027,7.29,3.319,0.3093,7.56,2499.0,0.2332
332,7.84,0.899,0.0847,7.5,1.697,0.1586,7.76,1.098,0.103,7.29,3.319,0.3101,7.56,2499.0,0.2339
333,7.84,0.899,0.085,7.5,1.697,0.1592,7.77,1.098,0.1032,7.29,3.319,0.3113,7.56,2499.0,0.2345
334,7.85,0.899,0.0852,7.5,1.697,0.1596,7.76,1.098,0.1036,7.29,3.319,0.3122,7.56,2499.0,0.2354
335,7.85,0.899,0.0855,7.5,1.697,0.16,7.76,1.098,0.1039,7.28,3.319,0.3131,7.56,2499.0,0.236
336,7.85,0.899,0.0857,7.5,1.697,0.1605,7.77,1.098,0.1042,7.28,3.319,0.3139,7.56,2499.0,0.2367
337,7.85,0.899,0.086,7.5,1.697,0.1611,7.76,1.098,0.1045,7.28,3.319,0.315,7.56,2499.0,0.2373
338,7.85,0.899,0.0863,7.5,1.697,0.1615,7.76,1.098,0.1049,7.28,3.319,0.3159,7.56,2499.0,0.2382
339,7.85,0.899,0.0865,7.5,1.697,0.1619,7.76,1.098,0.1051,7.28,3.319,0.3168,7.56,2499.0,0.2388
340,7.85,0.899,0.0867,7.5,1.697,0.1624,7.76,1.098,0.1054,7.28,3.319,0.3176,7.56,2499.0,0.2395
341,7.85,0.899,0.087,7.5,1.697,0.163,7.76,1.098,0.1057,7.28,3.319,0.3188,7.56,2499.0,0.2402
342,7.85,0.899,0.0873,7.5,1.697,0.1634,7.76,1.098,0.1061,7.28,3.319,0.3196,7.56,2499.0,0.241
343,7.85,0.899,0.0875,7.5,1.697,0.1639,7.76,1.098,0.1064,7.28,3.319,0.3205,7.56,2499.0,0.2417
344,7.85,0.899,0.0877,7.5,1.697,0.1643,7.76,1.098,0.1067,7.28,3.319,0.3214,7.56,2499.0,0.2423
345,7.85,0.899,0.088,7.5,1.697,0.1649,7.76,1.098,0.107,7.27,3.319,0.3225,7.56,2499.0,0.2429
346,7.85,0.899,0.0883,7.5,1.697,0.1653,7.76,1.098,0.1073,7.27,3.319,0.3234,7.56,2499.0,0.2438
347,7.85,0.899,0.0885,7.5,1.697,0.1658,7.76,1.098,0.1076,7.27,3.319,0.3242,7.56,2499.0,0.2445
348,7.85,0.899,0.0887,7.5,1.697,0.1662,7.76,1.098,0.1079,7.27,3.319,0.3251,7.55,2499.0,0.2451
349,7.85,0.899,0.0891,7.5,1.697,0.1668,7.76,1.098,0.1082,7.27,3.319,0.3262,7.56,2499.0,0.2458
350,7.85,0.899,0.0893,7.5,1.697,0.1672,7.76,1.098,0.1086,7.27,3.319,0.3271,7.55,2499.0,0.2466
351,7.85,0.899,0.0895,7.5,1.697,0.1677,7.76,1.098,0.1088,7.26,3.319,0.328,7.55,2499.0,0.2473
352,7.85,0.899,0.0898,7.5,1.697,0.1681,7.76,1.098,0.1091,7.26,3.319,0.3288,7.55,2499.0,0.2479
353,7.85,0.899,0.0901,7.5,1.697,0.1687,7.76,1.098,0.1094,7.26,3.319,0.33,7.55,2499.0,0.2486
354,7.85,0.899,0.0903,7.5,1.697,0.1691,7.76,1.098,0.1098,7.26,3.319,0.3308,7.55,2499.0,0.2494
355,7.85,0.899,0.0905,7.5,1.697,0.1696,7.76,1.098,0.1101,7.26,3.319,0.3317,7.55,2499.0,0.2501
356,7.85,0.899,0.0908,7.5,1.697,0.17,7.76,1.098,0.1104,7.26,3.319,0.3326,7.55,2499.0,0.2507
357,7.85,0.899,0.0911,7.5,1.697,0.1706,7.76,1.098,0.1107,7.26,3.319,0.3337,7.55,2499.0,0.2514
358,7.85,0.899,0.0913,7.5,1.697,0.171,7.76,1.098,0.111,7.26,3.319,0.3346,7.55,2499.0,0.2522
359,7.85,0.899,0.0915,7.5,1.697,0.1715,7.76,1.098,0.1113,7.26,3.319,0.3354,7.55,2499.0,0.2529
360,7.85,0.899,0.0918,7.5,1.697,0.1719,7.76,1.098,0.1116,7.26,3.319,0.3363,7.55,2499.0,0.2535
361,7.85,0.899,0.0921,7.5,1.697,0.1725,7.76,1.098,0.1119,7.26,3.319,0.3374,7.55,2499.0,0.2542
362,7.85,0.899,0.0923,7.5,1.697,0.173,7.76,1.098,0.1123,7.26,3.319,0.3383,7.55,2499.0,0.2551
363,7.85,0.899,0.0926,7.5,1.697,0.1734,7.76,1.098,0.1126,7.26,3.319,0.3392,7.55,2499.0,0.2557
364,7.85,0.899,0.0928,7.5,1.697,0.1738,7.76,1.098,0.1128,7.25,3.319,0.34,7.55,2499.0,0.2564
365,7.85,0.899,0.0931,7.5,1.697,0.1744,7.76,1.098,0.1131,7.25,3.319,0.3412,7.55,2499.0,0.257
366,7.85,0.899,0.0933,7.5,1.697,0.1749,7.76,1.098,0.1135,7.25,3.319,0.342,7.55,2499.0,0.2579
367,7.85,0.899,0.0936,7.5,1.697,0.1753,7.75,1.098,0.1138,7.26,3.319,0.3429,7.55,2499.0,0.2585
368,7.85,0.899,0.0938,7.5,1.697,0.1757,7.75,1.098,0.1141,7.26,3.319,0.3438,7.55,2499.0,0.2592
369,7.85,0.899,0.0941,7.5,1.697,0.1763,7.75,1.098,0.1144,7.26,3.319,0.3449,7.55,2499.0,0.2598
370,7.85,0.899,0.0943,7.5,1.697,0.1768,7.75,1.098,0.1147,7.26,3.319,0.3458,7.55,2499.0,0.2607
371,7.85,0.899,0.0946,7.49,1.697,0.1772,7.75,1.098,0.115,7.26,3.319,0.3466,7.55,2499.0,0.2613
372,7.84,0.899,0.0948,7.49,1.697,0.1777,7.75,1.098,0.1153,7.26,3.319,0.3475,7.55,2499.0,0.262
373,7.84,0.899,0.0951,7.49,1.697,0.1783,7.75,1.098,0.1156,7.26,3.319,0.3486,7.55,2499.0,0.2626
374,7.84,0.899,0.0954,7.49,1.697,0.1787,7.75,1.098,0.116,7.26,3.319,0.3495,7.55,2499.0,0.2635
375,7.84,0.899,0.0956,7.49,1.697,0.1791,7.75,1.098,0.1163,7.26,3.319,0.3504,7.54,2499.0,0.2642
376,7.84,0.899,0.0958,7.49,1.697,0.1796,7.75,1.098,0.1166,7.26,3.319,0.3512,7.54,2499.0,0.2648
377,7.84,0.899,0.0961,7.49,1.697,0.1802,7.75,1.098,0.1168,7.26,3.319,0.3524,7.54,2499.0,0.2654
378,7.84,0.899,0.0964,7.49,1.697,0.1806,7.74,1.098,0.1172,7.26,3.319,0.3532,7.54,2499.0,0.2663
379,7.84,0.899,0.0966,7.49,1.697,0.181,7.74,1.098,0.1175,7.26,3.319,0.3541,7.54,2499.0,0.267
380,7.84,0.899,0.0968,7.49,1.697,0.1815,7.74,1.098,0.1178,7.25,3.319,0.355,7.54,2499.0,0.2676
381,7.84,0.899,0.0971,7.49,1.697,0.1821,7.74,1.098,0.1181,7.25,3.319,0.3561,7.54,2499.0,0.2683
382,7.84,0.899,0.0974,7.49,1.697,0.1825,7.74,1.098,0.1185,7.25,3.319,0.357,7.54,2499.0,0.2691
383,7.84,0.899,0.0976,7.49,1.697,0.1829,7.74,1.098,0.1187,7.25,3.319,0.3578,7.54,2499.0,0.2698
384,7.84,0.899,0.0978,7.49,1.697,0.1834,7.74,1.098,0.119,7.25,3.319,0.3587,7.54,2499.0,0.2704
385,7.84,0.899,0.0982,7.49,1.697,0.184,7.74,1.098,0.1194,7.25,3.319,0.3599,7.54,2499.0,0.2711
386,7.84,0.899,0.0984,7.49,1.697,0.1844,7.74,1.098,0.1197,7.25,3.319,0.3607,7.54,2499.0,0.2719
387,7.84,0.899,0.0986,7.49,1.697,0.1849,7.74,1.098,0.12,7.25,3.319,0.3616,7.54,2499.0,0.2726
388,7.84,0.899,0.0989,7.49,1.697,0.1853,7.74,1.098,0.1203,7.25,3.319,0.3624,7.54,2499.0,0.2732
389,7.84,0.899,0.0992,7.49,1.697,0.1859,7.74,1.098,0.1205,7.25,3.319,0.3636,7.54,2499.0,0.2739
390,7.84,0.899,0.0994,7.49,1.697,0.1863,7.74,1.098,0.1209,7.25,3.319,0.3644,7.54,2499.0,0.2747
391,7.84,0.899,0.0996,7.49,1.697,0.1868,7.74,1.098,0.1212,7.25,3.319,0.3653,7.54,2499.0,0.2754
392,7.84,0.899,0.0999,7.49,1.697,0.1872,7.74,1.098,0.1215,7.25,3.319,0.3662,7.54,2499.0,0.276
393,7.84,0.899,0.1002,7.49,1.697,0.1878,7.74,1.098,0.1218,7.25,3.319,0.3673,7.54,2499.0,0.2767
394,7.84,0.899,0.1004,7.49,1.697,0.1882,7.74,1.098,0.1222,7.25,3.319,0.3682,7.54,2499.0,0.2776
395,7.84,0.899,0.1007,7.49,1.697,0.1887,7.74,1.098,0.1225,7.25,3.319,0.3691,7.54,2499.0,0.2782
396,7.83,0.899,0.1009,7.49,1.697,0.1891,7.74,1.098,0.1227,7.25,3.319,0.3699,7.54,2499.0,0.2788
397,7.83,0.899,0.1012,7.49,1.697,0.1897,7.74,1.098,0.123,7.25,3.319,0.3711,7.54,2499.0,0.2795
398,7.84,0.899,0.1014,7.49,1.697,0.1901,7.74,1.098,0.1234,7.25,3.319,0.3719,7.54,2499.0,0.2804
399,7.83,0.899,0.1017,7.48,1.697,0.1906,7.74,1.098,0.1237,7.25,3.319,0.3728,7.53,2499.0,0.281
400,7.83,0.899,0.1019,7.48,1.697,0.191,7.74,1.098,0.124,7.23,3.319,0.3736,7.53,2499.0,0.2817
401,7.83,0.899,0.1022,7.48,1.697,0.1916,7.74,1.098,0.1243,7.22,3.319,0.3748,7.53,2499.0,0.2823
402,7.83,0.899,0.1024,7.48,1.697,0.192,7.74,1.098,0.1246,7.23,3.319,0.3757,7.53,2499.0,0.2832
403,7.83,0.899,0.1027,7.48,1.697,0.1925,7.74,1.098,0.1249,7.23,3.319,0.3765,7.53,2499.0,0.2838
404,7.83,0.899,0.1029,7.48,1.697,0.1929,7.74,1.098,0.1252,7.23,3.319,0.3774,7.53,2499.0,0.2845
405,7.83,0.899,0.1032,7.48,1.697,0.1935,7.74,1.098,0.1255,7.23,3.319,0.3785,7.53,2499.0,0.2851
406,7.83,0.899,0.1035,7.48,1.697,0.194,7.74,1.098,0.1259,7.23,3.319,0.3794,7.53,2499.0,0.286
407,7.83,0.899,0.1037,7.48,1.697,0.1944,7.74,1.098,0.1262,7.23,3.319,0.3803,7.53,2499.0,0.2866
408,7.83,0.899,0.1039,7.48,1.697,0.1948,7.74,1.098,0.1264,7.23,3.319,0.3811,7.53,2499.0,0.2873
409,7.83,0.899,0.1042,7.48,1.697,0.1954,7.74,1.098,0.1267,7.23,3.319,0.3823,7.53,2499.0,0.2879
410,7.83,0.899,0.1045,7.48,1.697,0.1959,7.74,1.098,0.1271,7.23,3.319,0.3831,7.53,2499.0,0.2888
411,7.83,0.899,0.1047,7.48,1.697,0.1963,7.74,1.098,0.1274,7.23,3.319,0.384,7.53,2499.0,0.2894
412,7.83,0.899,0.1049,7.48,1.697,0.1968,7.74,1.098,0.1277,7.23,3.319,0.3849,7.53,2499.0,0.2901
413,7.83,0.899,0.1052,7.48,1.697,0.1974,7.74,1.098,0.128,7.22,3.319,0.386,7.53,2499.0,0.2908
414,7.83,0.899,0.1055,7.48,1.697,0.1978,7.74,1.098,0.1284,7.22,3.319,0.3869,7.53,2499.0,0.2916
415,7.82,0.899,0.1057,7.48,1.697,0.1982,7.74,1.098,0.1286,7.22,3.319,0.3878,7.53,2499.0,0.2923
416,7.82,0.899,0.1059,7.48,1.697,0.1987,7.74,1.098,0.1289,7.22,3.319,0.3886,7.53,2499.0,0.2929
417,7.82,0.899,0.1063,7.48,1.697,0.1993,7.74,1.098,0.1292,7.22,3.319,0.3897,7.53,2499.0,0.2936
418,7.82,0.899,0.1065,7.48,1.697,0.1997,7.74,1.098,0.1296,7.22,3.319,0.3906,7.53,2499.0,0.2944
419,7.82,0.899,0.1067,7.48,1.697,0.2001,7.74,1.098,0.1299,7.22,3.319,0.3915,7.53,2499.0,0.2951
420,7.82,0.899,0.107,7.48,1.697,0.2006,7.74,1.098,0.1302,7.22,3.319,0.3923,7.53,2499.0,0.2957
421,7.82,0.899,0.1073,7.48,1.697,0.2012,7.74,1.098,0.1304,7.22,3.319,0.3935,7.53,2499.0,0.2964
422,7.82,0.899,0.1075,7.48,1.697,0.2016,7.74,1.098,0.1308,7.22,3.319,0.3943,7.53,2499.0,0.2972
423,7.82,0.899,0.1077,7.48,1.697,0.2021,7.74,1.098,0.1311,7.22,3.319,0.3952,7.52,2499.0,0.2979
424,7.82,0.899,0.108,7.48,1.697,0.2025,7.74,1.098,0.1314,7.22,3.319,0.3961,7.52,2499.0,0.2985
425,7.82,0.899,0.1083,7.48,1.697,0.2031,7.74,1.098,0.1317,7.21,3.319,0.3972,7.52,2499.0,0.2992
426,7.82,0.899,0.1085,7.48,1.697,0.2035,7.74,1.098,0.1321,7.22,3.319,0.3981,7.52,2499.0,0.3
427,7.82,0.899,0.1087,7.48,1.697,0.204,7.74,1.098,0.1323,7.22,3.319,0.3989,7.52,2499.0,0.3007
428,7.82,0.899,0.109,7.48,1.697,0.2044,7.74,1.098,0.1326,7.22,3.319,0.3998,7.52,2499.0,0.3013
429,7.82,0.899,0.1093,7.48,1.697,0.205,7.73,1.098,0.1329,7.22,3.319,0.4009,7.52,2499.0,0.302
430,7.82,0.899,0.1095,7.48,1.697,0.2054,7.75,1.098,0.1333,7.22,3.319,0.4018,7.52,2499.0,0.3029
431,7.82,0.899,0.1098,7.48,1.697,0.2059,7.75,1.098,0.1336,7.22,3.319,0.4027,7.52,2499.0,0.3035
432,7.82,0.899,0.11,7.48,1.697,0.2063,7.75,1.098,0.1339,7.22,3.319,0.4035,7.52,2499.0,0.3042
433,7.82,0.899,0.1103,7.48,1.697,0.2069,7.75,1.098,0.1342,7.23,3.319,0.4047,7.52,2499.0,0.3048
434,7.82,0.899,0.1105,7.48,1.697,0.2073,7.75,1.098,0.1345,7.22,3.319,0.4055,7.52,2499.0,0.3057
435,7.82,0.899,0.1108,7.48,1.697,0.2078,7.75,1.098,0.1348,7.23,3.319,0.4064,7.52,2499.0,0.3063
436,7.82,0.899,0.111,7.48,1.697,0.2082,7.75,1.098,0.1351,7.23,3.319,0.4073,7.52,2499.0,0.307
437,7.82,0.899,0.1113,7.48,1.697,0.2088,7.76,1.098,0.1354,7.22,3.319,0.4084,7.52,2499.0,0.3076
438,7.82,0.899,0.1115,7.48,1.697,0.2093,7.76,1.098,0.1358,7.22,3.319,0.4093,7.52,2499.0,0.3085
439,7.82,0.899,0.1118,7.48,1.697,0.2097,7.75,1.098,0.1361,7.22,3.319,0.4101,7.52,2499.0,0.3091
440,7.82,0.899,0.112,7.47,1.697,0.2101,7.75,1.098,0.1363,7.23,3.319,0.411,7.52,2499.0,0.3098
441,7.82,0.899,0.1123,7.47,1.697,0.2107,7.76,1.098,0.1366,7.22,3.319,0.4121,7.52,2499.0,0.3104
442,7.82,0.899,0.1126,7.47,1.697,0.2112,7.76,1.098,0.137,7.22,3.319,0.413,7.52,2499.0,0.3113
443,7.82,0.899,0.1128,7.47,1.697,0.2116,7.76,1.098,0.1373,7.22,3.319,0.4139,7.52,2499.0,0.3119
444,7.81,0.899,0.113,7.47,1.697,0.212,7.76,1.098,0.1376,7.23,3.319,0.4147,7.52,2499.0,0.3126
445,7.81,0.899,0.1133,7.47,1.697,0.2126,7.76,1.098,0.1379,7.22,3.319,0.4159,7.52,2499.0,0.3132
446,7.81,0.899,0.1136,7.47,1.697,0.2131,7.76,1.098,0.1382,7.22,3.319,0.4167,7.51,2499.0,0.3141
447,7.82,0.899,0.1138,7.47,1.697,0.2135,7.76,1.098,0.1385,7.22,3.319,0.4176,7.52,2499.0,0.3148
448,7.81,0.899,0.114,7.47,1.697,0.214,7.76,1.098,0.1388,7.22,3.319,0.4185,7.52,2499.0,0.3154
449,7.81,0.899,0.1143,7.47,1.697,0.2145,7.76,1.098,0.1391,7.22,3.319,0.4196,7.51,2499.0,0.316
450,7.81,0.899,0.1146,7.47,1.697,0.215,7.76,1.098,0.1395,7.22,3.319,0.4205,7.51,2499.0,0.3169
451,7.81,0.899,0.1148,7.47,1.697,0.2154,7.75,1.098,0.1398,7.22,3.319,0.4213,7.51,2499.0,0.3176
452,7.81,0.899,0.115,7.47,1.697,0.2159,7.76,1.098,0.1401,7.22,3.319,0.4222,7.51,2499.0,0.3182
453,7.81,0.899,0.1154,7.47,1.697,0.2165,7.75,1.098,0.1403,7.22,3.319,0.4233,7.51,2499.0,0.3189
454,7.81,0.899,0.1156,7.47,1.697,0.2169,7.75,1.098,0.1407,7.22,3.319,0.4242,7.51,2499.0,0.3197
455,7.81,0.899,0.1158,7.47,1.697,0.2173,7.76,1.098,0.141,7.22,3.319,0.4251,7.51,2499.0,0.3204
456,7.81,0.899,0.1161,7.47,1.697,0.2178,7.75,1.098,0.1413,7.22,3.319,0.426,7.51,2499.0,0.321
457,7.82,0.899,0.1164,7.47,1.697,0.2184,7.76,1.098,0.1417,7.22,3.319,0.4271,7.51,2499.0,0.3217
458,7.82,0.899,0.1166,7.47,1.697,0.2188,7.75,1.098,0.142,7.21,3.319,0.428,7.51,2499.0,0.3225
459,7.82,0.899,0.1168,7.47,1.697,0.2193,7.75,1.098,0.1422,7.21,3.319,0.4288,7.51,2499.0,0.3232
460,7.82,0.899,0.1171,7.47,1.697,0.2197,7.75,1.098,0.1425,7.21,3.319,0.4297,7.51,2499.0,0.3238
461,7.82,0.899,0.1174,7.47,1.697,0.2203,7.75,1.098,0.1428,7.21,3.319,0.4308,7.51,2499.0,0.3245
462,7.82,0.899,0.1176,7.47,1.697,0.2207,7.75,1.098,0.1432,7.21,3.319,0.4317,7.51,2499.0,0.3254
463,7.81,0.899,0.1178,7.47,1.697,0.2212,7.75,1.098,0.1435,7.21,3.319,0.4325,7.51,2499.0,0.326
464,7.82,0.899,0.1181,7.47,1.697,0.2216,7.75,1.098,0.1438,7.21,3.319,0.4334,7.51,2499.0,0.3266
465,7.82,0.899,0.1184,7.47,1.697,0.2222,7.75,1.098,0.144,7.21,3.319,0.4346,7.51,2499.0,0.3273
466,7.82,0.899,0.1186,7.47,1.697,0.2226,7.75,1.098,0.1444,7.21,3.319,0.4354,7.51,2499.0,0.3282
467,7.82,0.899,0.1189,7.47,1.697,0.2231,7.75,1.098,0.1447,7.21,3.319,0.4363,7.51,2499.0,0.3288
468,7.82,0.899,0.1191,7.47,1.697,0.2235,7.75,1.098,0.145,7.21,3.319,0.4371,7.51,2499.0,0.3295
469,7.82,0.899,0.1194,7.47,1.697,0.2241,7.75,1.098,0.1453,7.21,3.319,0.4383,7.51,2499.0,0.3301
470,7.82,0.899,0.1196,7.47,1.697,0.2245,7.75,1.098,0.1457,7.21,3.319,0.4391,7.51,2499.0,0.331
471,7.82,0.899,0.1199,7.47,1.697,0.225,7.75,1.098,0.1459,7.21,3.319,0.44,7.5,2499.0,0.3316
472,7.82,0.899,0.1201,7.47,1.697,0.2254,7.75,1.098,0.1462,7.21,3.319,0.4409,7.51,2499.0,0.3323
473,7.82,0.899,0.1204,7.47,1.697,0.226,7.75,1.098,0.1466,7.21,3.319,0.442,7.5,2499.0,0.3329
474,7.82,0.899,0.1206,7.47,1.697,0.2265,7.75,1.098,0.1469,7.21,3.319,0.4429,7.5,2499.0,0.3338
475,7.82,0.899,0.1209,7.47,1.697,0.2269,7.75,1.098,0.1472,7.2,3.319,0.4437,7.5,2499.0,0.3345
476,7.82,0.899,0.1211,7.47,1.697,0.2274,7.75,1.098,0.1475,7.2,3.319,0.4446,7.5,2499.0,0.3351
477,7.82,0.899,0.1214,7.47,1.697,0.2279,7.75,1.098,0.1478,7.2,3.319,0.4458,7.5,2499.0,0.3357
478,7.82,0.899,0.1217,7.47,1.697,0.2284,7.75,1.098,0.1481,7.2,3.319,0.4466,7.5,2499.0,0.3366
479,7.82,0.899,0.1219,7.47,1.697,0.2288,7.75,1.098,0.1484,7.21,3.319,0.4475,7.5,2499.0,0.3372
480,7.82,0.899,0.1221,7.47,1.697,0.2293,7.75,1.098,0.1487,7.2,3.319,0.4483,7.5,2499.0,0.3379
481,7.82,0.899,0.1224,7.47,1.697,0.2298,7.75,1.098,0.149,7.2,3.319,0.4495,7.5,2499.0,0.3385
482,7.82,0.899,0.1227,7.46,1.697,0.2303,7.75,1.098,0.1494,7.2,3.319,0.4504,7.5,2499.0,0.3394
483,7.82,0.899,0.1229,7.46,1.697,0.2307,7.75,1.098,0.1497,7.2,3.319,0.4512,7.5,2499.0,0.3401
484,7.82,0.899,0.1231,7.46,1.697,0.2312,7.75,1.098,0.1499,7.2,3.319,0.4521,7.5,2499.0,0.3407
485,7.82,0.899,0.1234,7.47,1.697,0.2318,7.75,1.098,0.1502,7.2,3.319,0.4532,7.5,2499.0,0.3414
486,7.82,0.899,0.1237,7.46,1.697,0.2322,7.75,1.098,0.1506,7.2,3.319,0.4541,7.5,2499.0,0.3422
487,7.82,0.899,0.1239,7.46,1.697,0.2326,7.75,1.098,0.1509,7.2,3.319,0.455,7.5,2499.0,0.3429
488,7.82,0.899,0.1241,7.46,1.697,0.2331,7.75,1.098,0.1512,7.19,3.319,0.4558,7.5,2499.0,0.3435
489,7.82,0.899,0.1245,7.46,1.697,0.2337,7.75,1.098,0.1515,7.19,3.319,0.457,7.5,2499.0,0.3442
490,7.82,0.899,0.1247,7.46,1.697,0.2341,7.75,1.098,0.1518,7.19,3.319,0.4579,7.5,2499.0,0.345
491,7.82,0.899,0.1249,7.46,1.697,0.2345,7.75,1.098,0.1521,7.19,3.319,0.4587,7.5,2499.0,0.3457
492,7.82,0.899,0.1252,7.46,1.697,0.235,7.75,1.098,0.1524,7.19,3.319,0.4596,7.5,2499.0,0.3463
493,7.82,0.899,0.1255,7.46,1.697,0.2356,7.75,1.098,0.1527,7.19,3.319,0.4607,7.5,2499.0,0.347
494,7.82,0.899,0.1257,7.46,1.697,0.236,7.75,1.098,0.1531,7.19,3.319,0.4616,7.5,2499.0,0.3478
495,7.82,0.899,0.1259,7.46,1.697,0.2365,7.75,1.098,0.1534,7.19,3.319,0.4624,7.5,2499.0,0.3485
496,7.82,0.899,0.1262,7.46,1.697,0.2369,7.75,1.098,0.1536,7.19,3.319,0.4633,7.5,2499.0,0.3491
497,7.82,0.899,0.1265,7.46,1.697,0.2375,7.75,1.098,0.1539,7.19,3.319,0.4644,7.5,2499.0,0.3498
498,7.82,0.899,0.1267,7.46,1.697,0.2379,7.75,1.098,0.1543,7.19,3.319,0.4653,7.5,2499.0,0.3507
499,7.82,0.899,0.127,7.46,1.697,0.2384,7.75,1.098,0.1546,7.19,3.319,0.4662,7.5,2499.0,0.3513
500,7.82,0.899,0.1272,7.46,1.697,0.2388,7.75,1.098,0.1549,7.19,3.319,0.467,7.49,2499.0,0.352
501,7.82,0.899,0.1275,7.46,1.697,0.2394,7.75,1.098,0.1553,7.18,3.319,0.4682,7.49,2499.0,0.3526
502,7.82,0.899,0.1277,7.46,1.697,0.2398,7.75,1.098,0.1556,7.19,3.319,0.469,7.49,2499.0,0.3535
503,7.82,0.899,0.128,7.46,1.697,0.2403,7.75,1.098,0.1558,7.18,3.319,0.4699,7.49,2499.0,0.3541
504,7.82,0.899,0.1282,7.46,1.697,0.2407,7.75,1.098,0.1561,7.18,3.319,0.4708,7.49,2499.0,0.3548
505,7.82,0.899,0.1285,7.46,1.697,0.2413,7.75,1.098,0.1564,7.18,3.319,0.4719,7.49,2499.0,0.3554
506,7.82,0.899,0.1287,7.46,1.697,0.2417,7.75,1.098,0.1568,7.19,3.319,0.4728,7.49,2499.0,0.3563
507,7.82,0.899,0.129,7.46,1.697,0.2422,7.75,1.098,0.1571,7.19,3.319,0.4736,7.49,2499.0,0.3569
508,7.82,0.899,0.1292,7.46,1.697,0.2426,7.75,1.098,0.1574,7.19,3.319,0.4745,7.49,2499.0,0.3576
509,7.82,0.899,0.1295,7.46,1.697,0.2432,7.75,1.098,0.1576,7.19,3.319,0.4756,7.49,2499.0,0.3582
510,7.82,0.899,0.1297,7.46,1.697,0.2437,7.75,1.098,0.158,7.19,3.319,0.4765,7.49,2499.0,0.3591
511,7.82,0.899,0.13,7.46,1.697,0.2441,7.75,1.098,0.1583,7.19,3.319,0.4774,7.49,2499.0,0.3597
512,7.82,0.899,0.1302,7.46,1.697,0.2445,7.75,1.098,0.1586,7.19,3.319,0.4782,7.49,2499.0,0.3604
513,7.82,0.899,0.1305,7.46,1.697,0.2451,7.75,1.098,0.1589,7.19,3.319,0.4794,7.49,2499.0,0.361
514,7.82,0.899,0.1308,7.46,1.697,0.2456,7.75,1.098,0.1593,7.18,3.319,0.4802,7.49,2499.0,0.3619
515,7.82,0.899,0.131,7.46,1.697,0.246,7.75,1.098,0.1595,7.18,3.319,0.4811,7.49,2499.0,0.3626
516,7.82,0.899,0.1312,7.46,1.697,0.2465,7.75,1.098,0.1598,7.18,3.319,0.482,7.49,2499.0,0.3632
517,7.82,0.899,0.1315,7.46,1.697,0.247,7.75,1.098,0.1601,7.18,3.319,0.4831,7.49,2499.0,0.3638
518,7.82,0.899,0.1318,7.46,1.697,0.2475,7.75,1.098,0.1605,7.19,3.319,0.484,7.49,2499.0,0.3647
519,7.82,0.899,0.132,7.46,1.697,0.2479,7.74,1.098,0.1608,7.18,3.319,0.4848,7.49,2499.0,0.3654
520,7.82,0.899,0.1322,7.46,1.697,0.2484,7.74,1.098,0.1611,7.18,3.319,0.4857,7.49,2499.0,0.366
521,7.82,0.899,0.1326,7.46,1.697,0.249,7.74,1.098,0.1614,7.18,3.319,0.4869,7.49,2499.0,0.3667
522,7.82,0.899,0.1328,7.46,1.697,0.2494,7.74,1.098,0.1617,7.18,3.319,0.4877,7.49,2499.0,0.3675
523,7.82,0.899,0.133,7.46,1.697,0.2498,7.74,1.098,0.162,7.18,3.319,0.4886,7.49,2499.0,0.3682
524,7.82,0.899,0.1333,7.46,1.697,0.2503,7.74,1.098,0.1623,7.18,3.319,0.4894,7.49,2499.0,0.3688
525,7.82,0.899,0.1336,7.46,1.697,0.2509,7.74,1.098,0.1626,7.18,3.319,0.4906,7.48,2499.0,0.3695
526,7.82,0.899,0.1338,7.46,1.697,0.2513,7.75,1.098,0.163,7.18,3.319,0.4914,7.48,2499.0,0.3703
527,7.82,0.899,0.134,7.46,1.697,0.2517,7.74,1.098,0.1633,7.18,3.319,0.4923,7.48,2499.0,0.371
528,7.82,0.899,0.1343,7.46,1.697,0.2522,7.75,1.098,0.1635,7.18,3.319,0.4932,7.48,2499.0,0.3716
529,7.82,0.899,0.1346,7.46,1.697,0.2528,7.75,1.098,0.1638,7.18,3.319,0.4943,7.48,2499.0,0.3723
530,7.82,0.899,0.1347,7.45,1.697,0.2532,7.75,1.098,0.1642,7.18,3.319,0.4952,7.48,2499.0,0.3732
531,7.83,0.898,0.135,7.45,1.697,0.2537,7.75,1.098,0.1645,7.18,3.319,0.4961,7.48,2499.0,0.3738
532,7.82,0.898,0.1353,7.45,1.697,0.2541,7.75,1.098,0.1648,7.18,3.319,0.4969,7.48,2499.0,0.3744
533,7.83,0.898,0.1356,7.45,1.697,0.2547,7.75,1.098,0.1651,7.18,3.319,0.4981,7.48,2499.0,0.3751
534,7.82,0.898,0.1358,7.45,1.697,0.2551,7.75,1.098,0.1654,7.18,3.319,0.4989,7.48,2499.0,0.376
535,7.82,0.898,0.1361,7.45,1.697,0.2556,7.75,1.098,0.1657,7.18,3.319,0.4998,7.48,2499.0,0.3766
536,7.82,0.898,0.1363,7.45,1.697,0.256,7.75,1.098,0.166,7.18,3.319,0.5006,7.48,2499.0,0.3773
537,7.82,0.898,0.1366,7.45,1.697,0.2566,7.75,1.098,0.1663,7.18,3.319,0.5018,7.48,2499.0,0.3779
538,7.82,0.898,0.1368,7.45,1.697,0.257,7.75,1.098,0.1667,7.18,3.319,0.5026,7.48,2499.0,0.3788
539,7.82,0.898,0.1371,7.45,1.697,0.2575,7.75,1.098,0.167,7.18,3.319,0.5035,7.48,2499.0,0.3794
540,7.82,0.898,0.1373,7.45,1.697,0.2579,7.75,1.098,0.1673,7.18,3.319,0.5044,7.48,2499.0,0.3801
541,7.82,0.898,0.1376,7.45,1.697,0.2585,7.75,1.098,0.1675,7.17,3.319,0.5055,7.48,2499.0,0.3807
542,7.82,0.898,0.1378,7.45,1.697,0.259,7.74,1.098,0.1679,7.17,3.319,0.5064,7.48,2499.0,0.3816
543,7.82,0.898,0.1381,7.45,1.697,0.2594,7.74,1.098,0.1682,7.17,3.319,0.5072,7.48,2499.0,0.3822
544,7.82,0.898,0.1383,7.45,1.697,0.2598,7.74,1.098,0.1685,7.17,3.319,0.5081,7.48,2499.0,0.3829
545,7.82,0.898,0.1386,7.45,1.697,0.2604,7.74,1.098,0.1688,7.17,3.319,0.5092,7.48,2499.0,0.3835
546,7.82,0.898,0.1388,7.45,1.697,0.2609,7.74,1.098,0.1692,7.17,3.319,0.5101,7.48,2499.0,0.3844
547,7.82,0.898,0.1391,7.45,1.697,0.2613,7.74,1.098,0.1694,7.17,3.319,0.511,7.48,2499.0,0.3851
548,7.82,0.898,0.1393,7.45,1.697,0.2617,7.74,1.098,0.1697,7.17,3.319,0.5118,7.48,2499.0,0.3857
549,7.82,0.898,0.1396,7.45,1.697,0.2623,7.74,1.098,0.1701,7.17,3.319,0.513,7.48,2499.0,0.3864
550,7.82,0.898,0.1399,7.45,1.697,0.2628,7.74,1.098,0.1704,7.17,3.319,0.5138,7.47,2499.0,0.3872
551,7.82,0.898,0.1401,7.45,1.697,0.2632,7.74,1.098,0.1707,7.17,3.319,0.5147,7.47,2499.0,0.3879
552,7.82,0.898,0.1403,7.45,1.697,0.2637,7.74,1.098,0.171,7.17,3.319,0.5156,7.47,2499.0,0.3885
553,7.82,0.898,0.1406,7.45,1.697,0.2643,7.74,1.098,0.1712,7.17,3.319,0.5167,7.47,2499.0,0.3892
554,7.82,0.898,0.1409,7.45,1.697,0.2647,7.74,1.098,0.1716,7.17,3.319,0.5176,7.47,2499.0,0.39
555,7.82,0.898,0.1411,7.45,1.697,0.2651,7.74,1.098,0.1719,7.17,3.319,0.5184,7.47,2499.0,0.3907
556,7.82,0.898,0.1413,7.45,1.697,0.2656,7.74,1.098,0.1722,7.17,3.319,0.5193,7.47,2499.0,0.3913
557,7.82,0.898,0.1416,7.45,1.697,0.2662,7.74,1.098,0.1725,7.17,3.319,0.5205,7.47,2499.0,0.392
558,7.82,0.898,0.1419,7.45,1.697,0.2666,7.74,1.098,0.1729,7.17,3.319,0.5213,7.47,2499.0,0.3928
559,7.82,0.898,0.1421,7.45,1.697,0.267,7.74,1.098,0.1732,7.17,3.319,0.5222,7.47,2499.0,0.3935
560,7.82,0.898,0.1423,7.45,1.697,0.2675,7.74,1.098,0.1734,7.17,3.319,0.523,7.47,2499.0,0.3941
561,7.82,0.898,0.1427,7.45,1.697,0.2681,7.74,1.098,0.1737,7.16,3.319,0.5242,7.47,2499.0,0.3948
562,7.82,0.898,0.1429,7.45,1.697,0.2685,7.73,1.098,0.1741,7.17,3.319,0.5251,7.47,2499.0,0.3957
563,7.82,0.898,0.1431,7.45,1.697,0.2689,7.73,1.098,0.1744,7.16,3.319,0.5259,7.47,2499.0,0.3963
564,7.82,0.898,0.1434,7.45,1.697,0.2694,7.73,1.098,0.1747,7.16,3.319,0.5268,7.47,2499.0,0.3969
565,7.82,0.898,0.1437,7.45,1.697,0.27,7.73,1.098,0.175,7.16,3.319,0.5279,7.47,2499.0,0.3976
566,7.82,0.898,0.1439,7.45,1.697,0.2704,7.73,1.098,0.1753,7.16,3.319,0.5288,7.47,2499.0,0.3985
567,7.82,0.898,0.1441,7.45,1.697,0.2709,7.73,1.098,0.1756,7.17,3.319,0.5296,7.47,2499.0,0.3991
568,7.82,0.898,0.1444,7.45,1.697,0.2713,7.73,1.098,0.1759,7.17,3.319,0.5305,7.47,2499.0,0.3998
569,7.82,0.898,0.1447,7.45,1.697,0.2719,7.73,1.098,0.1762,7.16,3.319,0.5317,7.47,2499.0,0.4004
570,7.82,0.898,0.1449,7.45,1.697,0.2723,7.73,1.098,0.1766,7.17,3.319,0.5325,7.47,2499.0,0.4013
571,7.82,0.898,0.1451,7.45,1.697,0.2728,7.73,1.098,0.1769,7.17,3.319,0.5334,7.47,2499.0,0.4019
572,7.82,0.898,0.1454,7.45,1.697,0.2732,7.73,1.098,0.1771,7.17,3.319,0.5342,7.47,2499.0,0.4026
573,7.82,0.898,0.1457,7.45,1.697,0.2738,7.73,1.098,0.1774,7.16,3.319,0.5354,7.47,2499.0,0.4032
574,7.82,0.898,0.1459,7.45,1.697,0.2743,7.73,1.098,0.1778,7.16,3.319,0.5363,7.47,2499.0,0.4041
575,7.82,0.898,0.1462,7.45,1.697,0.2747,7.73,1.098,0.1781,7.16,3.319,0.5371,7.47,2499.0,0.4048
576,7.82,0.898,0.1464,7.45,1.697,0.2751,7.73,1.098,0.1784,7.16,3.319,0.538,7.47,2499.0,0.4054
577,7.82,0.898,0.1467,7.45,1.697,0.2757,7.73,1.098,0.1787,7.16,3.319,0.5391,7.47,2499.0,0.406
578,7.82,0.898,0.1469,7.44,1.697,0.2762,7.73,1.098,0.179,7.16,3.319,0.54,7.46,2499.0,0.4069
579,7.82,0.898,0.1472,7.44,1.697,0.2766,7.73,1.098,0.1793,7.16,3.319,0.5409,7.46,2499.0,0.4075
580,7.82,0.898,0.1474,7.44,1.697,0.2772,7.73,1.098,0.1796,7.16,3.319,0.5417,7.46,2499.0,0.4082
581,7.82,0.898,0.1477,7.44,1.697,0.2776,7.73,1.098,0.1799,7.16,3.319,0.5429,7.46,2499.0,0.4088
582,7.82,0.898,0.1479,7.44,1.697,0.2781,7.73,1.098,0.1803,7.16,3.319,0.5437,7.46,2499.0,0.4097
583,7.82,0.898,0.1482,7.44,1.697,0.2785,7.73,1.098,0.1806,7.16,3.319,0.5446,7.46,2499.0,0.4104
584,7.82,0.898,0.1484,7.44,1.697,0.2789,7.73,1.098,0.1809,7.16,3.319,0.5454,7.46,2499.0,0.411
585,7.82,0.898,0.1487,7.44,1.697,0.2795,7.73,1.098,0.1811,7.16,3.319,0.5466,7.46,2499.0,0.4117
586,7.82,0.898,0.149,7.44,1.697,0.28,7.73,1.098,0.1815,7.16,3.319,0.5475,7.46,2499.0,0.4125
587,7.82,0.898,0.1492,7.44,1.697,0.2804,7.73,1.098,0.1818,7.16,3.319,0.5483,7.46,2499.0,0.4132
588,7.82,0.898,0.1494,7.44,1.697,0.2809,7.73,1.098,0.1821,7.16,3.319,0.5492,7.46,2499.0,0.4138
589,7.82,0.898,0.1497,7.44,1.697,0.2814,7.73,1.098,0.1824,7.16,3.319,0.5503,7.46,2499.0,0.4145
590,7.82,0.898,0.15,7.44,1.697,0.2819,7.73,1.098,0.1828,7.16,3.319,0.5512,7.46,2499.0,0.4153
591,7.82,0.898,0.1502,7.44,1.697,0.2823,7.73,1.098,0.183,7.16,3.319,0.552,7.46,2499.0,0.416
592,7.82,0.898,0.1504,7.44,1.697,0.2828,7.73,1.098,0.1833,7.16,3.319,0.5529,7.46,2499.0,0.4166
593,7.82,0.898,0.1507,7.44,1.697,0.2833,7.73,1.098,0.1836,7.16,3.319,0.5541,7.46,2499.0,0.4173
594,7.82,0.898,0.151,7.44,1.697,0.2838,7.73,1.098,0.184,7.16,3.319,0.5549,7.46,2499.0,0.4181
595,7.82,0.898,0.1512,7.44,1.697,0.2842,7.73,1.098,0.1843,7.16,3.319,0.5558,7.46,2499.0,0.4188
596,7.82,0.898,0.1514,7.44,1.697,0.2847,7.73,1.098,0.1846,7.16,3.319,0.5566,7.46,2499.0,0.4194
597,7.82,0.898,0.1518,7.44,1.697,0.2853,7.73,1.098,0.1848,7.16,3.319,0.5578,7.46,2499.0,0.4201
598,7.82,0.898,0.152,7.44,1.697,0.2857,7.73,1.098,0.1852,7.16,3.319,0.5587,7.46,2499.0,0.421
599,7.82,0.898,0.1522,7.44,1.697,0.2861,7.73,1.098,0.1855,7.16,3.319,0.5595,7.46,2499.0,0.4216
600,7.82,0.898,0.1525,7.44,1.697,0.2867,7.73,1.098,0.1858,7.16,3.319,0.5604,7.45,2499.0,0.4223
601,7.81,0.898,0.1528,7.44,1.697,0.2872,7.73,1.098,0.1861,7.16,3.319,0.5615,7.45,2499.0,0.4229
602,7.81,0.898,0.153,7.44,1.697,0.2876,7.73,1.098,0.1865,7.16,3.319,0.5624,7.45,2499.0,0.4238
603,7.81,0.898,0.1532,7.44,1.697,0.2881,7.73,1.098,0.1867,7.16,3.319,0.5633,7.45,2499.0,0.4244
604,7.81,0.898,0.1535,7.44,1.697,0.2886,7.73,1.098,0.187,7.16,3.319,0.5641,7.45,2499.0,0.4251
605,7.81,0.898,0.1538,7.44,1.697,0.2891,7.73,1.098,0.1873,7.16,3.319,0.5653,7.45,2499.0,0.4257
606,7.82,0.898,0.154,7.44,1.697,0.2895,7.73,1.098,0.1877,7.16,3.319,0.5661,7.45,2499.0,0.4266
607,7.81,0.898,0.1542,7.44,1.697,0.29,7.73,1.098,0.188,7.16,3.319,0.567,7.45,2499.0,0.4272
608,7.81,0.898,0.1545,7.44,1.697,0.2905,7.73,1.098,0.1883,7.16,3.319,0.5678,7.45,2499.0,0.4279
609,7.81,0.898,0.1548,7.44,1.697,0.291,7.73,1.098,0.1886,7.16,3.319,0.569,7.45,2499.0,0.4285
610,7.81,0.898,0.155,7.44,1.697,0.2914,7.73,1.098,0.1889,7.16,3.319,0.5699,7.45,2499.0,0.4294
611,7.81,0.898,0.1552,7.44,1.697,0.2919,7.73,1.098,0.1892,7.16,3.319,0.5707,7.45,2499.0,0.43
612,7.81,0.898,0.1555,7.44,1.697,0.2925,7.73,1.098,0.1895,7.16,3.319,0.5716,7.45,2499.0,0.4307
613,7.81,0.898,0.1558,7.44,1.697,0.2929,7.73,1.098,0.1898,7.16,3.319,0.5727,7.45,2499.0,0.4313
614,7.81,0.898,0.156,7.43,1.697,0.2933,7.73,1.098,0.1902,7.16,3.319,0.5736,7.45,2499.0,0.4322
615,7.81,0.898,0.1563,7.43,1.697,0.2938,7.73,1.098,0.1905,7.16,3.319,0.5745,7.45,2499.0,0.4329
616,7.81,0.898,0.1565,7.43,1.697,0.2944,7.73,1.098,0.1907,7.16,3.319,0.5753,7.45,2499.0,0.4335
617,7.81,0.898,0.1568,7.43,1.697,0.2948,7.72,1.098,0.191,7.16,3.319,0.5765,7.45,2499.0,0.4342
618,7.81,0.898,0.157,7.43,1.697,0.2952,7.73,1.098,0.1914,7.16,3.319,0.5773,7.45,2499.0,0.435
619,7.81,0.898,0.1573,7.43,1.697,0.2957,7.73,1.098,0.1917,7.16,3.319,0.5782,7.45,2499.0,0.4357
620,7.81,0.898,0.1575,7.43,1.697,0.2963,7.73,1.098,0.192,7.16,3.319,0.5791,7.45,2499.0,0.4363
621,7.81,0.898,0.1578,7.43,1.697,0.2967,7.72,1.098,0.1923,7.16,3.319,0.5802,7.45,2499.0,0.437
622,7.81,0.898,0.158,7.43,1.697,0.2972,7.72,1.098,0.1927,7.16,3.319,0.5811,7.45,2499.0,0.4378
623,7.81,0.898,0.1583,7.43,1.697,0.2976,7.72,1.098,0.1929,7.16,3.319,0.5819,7.45,2499.0,0.4385
624,7.81,0.898,0.1585,7.43,1.697,0.2982,7.72,1.098,0.1932,7.16,3.319,0.5828,7.45,2499.0,0.4391
625,7.81,0.898,0.1587,7.43,1.697,0.2986,7.72,1.098,0.1935,7.16,3.319,0.5839,7.45,2499.0,0.4398
626,7.81,0.898,0.1591,7.43,1.697,0.2991,7.72,1.098,0.1939,7.16,3.319,0.5848,7.44,2499.0,0.4407
627,7.81,0.898,0.1593,7.43,1.697,0.2995,7.72,1.098,0.1942,7.16,3.319,0.5857,7.44,2499.0,0.4413
628,7.81,0.898,0.1595,7.43,1.697,0.3001,7.72,1.098,0.1945,7.16,3.319,0.5865,7.44,2499.0,0.442
629,7.81,0.898,0.1598,7.43,1.697,0.3005,7.72,1.098,0.1947,7.16,3.319,0.5877,7.44,2499.0,0.4426
630,7.81,0.898,0.1601,7.43,1.697,0.301,7.72,1.098,0.1951,7.16,3.319,0.5885,7.44,2499.0,0.4435
631,7.81,0.898,0.1603,7.43,1.697,0.3014,7.72,1.098,0.1954,7.16,3.319,0.5894,7.44,2499.0,0.4441
632,7.81,0.898,0.1605,7.43,1.697,0.302,7.72,1.098,0.1957,7.16,3.319,0.5903,7.44,2499.0,0.4448
633,7.81,0.898,0.1608,7.43,1.697,0.3025,7.72,1.098,0.196,7.16,3.319,0.5914,7.44,2499.0,0.4454
634,7.81,0.898,0.1611,7.43,1.697,0.3029,7.72,1.098,0.1964,7.16,3.319,0.5923,7.44,2499.0,0.4463
635,7.81,0.898,0.1613,7.43,1.697,0.3033,7.72,1.098,0.1966,7.15,3.319,0.5931,7.44,2499.0,0.4469
636,7.81,0.898,0.1615,7.43,1.697,0.3039,7.72,1.098,0.1969,7.16,3.319,0.594,7.44,2499.0,0.4476
637,7.81,0.898,0.1619,7.43,1.697,0.3044,7.72,1.098,0.1972,7.15,3.319,0.5951,7.44,2499.0,0.4482
638,7.81,0.898,0.1621,7.43,1.697,0.3048,7.72,1.098,0.1976,7.15,3.319,0.596,7.44,2499.0,0.4491
639,7.81,0.898,0.1623,7.43,1.697,0.3052,7.72,1.098,0.1979,7.15,3.319,0.5969,7.44,2499.0,0.4497
640,7.81,0.898,0.1626,7.43,1.697,0.3058,7.72,1.098,0.1982,7.15,3.319,0.5977,7.44,2499.0,0.4504
641,7.81,0.898,0.1628,7.43,1.697,0.3063,7.72,1.098,0.1984,7.15,3.319,0.5989,7.44,2499.0,0.451
642,7.81,0.898,0.1631,7.43,1.697,0.3067,7.72,1.098,0.1988,7.15,3.319,0.5997,7.44,2499.0,0.4519
643,7.81,0.898,0.1634,7.43,1.697,0.3072,7.72,1.098,0.1991,7.15,3.319,0.6006,7.44,2499.0,0.4526
644,7.81,0.898,0.1636,7.43,1.697,0.3077,7.72,1.098,0.1994,7.15,3.319,0.6015,7.44,2499.0,0.4532
645,7.81,0.898,0.1638,7.43,1.697,0.3082,7.72,1.098,0.1997,7.15,3.319,0.6026,7.44,2499.0,0.4538
646,7.81,0.898,0.1641,7.43,1.697,0.3086,7.72,1.098,0.2001,7.15,3.319,0.6035,7.43,2499.0,0.4547
647,7.81,0.898,0.1644,7.43,1.697,0.3091,7.72,1.098,0.2004,7.15,3.319,0.6043,7.43,2499.0,0.4554
648,7.81,0.898,0.1646,7.43,1.697,0.3097,7.72,1.098,0.2006,7.15,3.319,0.6052,7.43,2499.0,0.456
649,7.81,0.898,0.1648,7.43,1.697,0.3101,7.72,1.098,0.2009,7.15,3.319,0.6064,7.43,2499.0,0.4567
650,7.81,0.898,0.1651,7.43,1.697,0.3105,7.72,1.098,0.2013,7.15,3.319,0.6072,7.43,2499.0,0.4576
651,7.81,0.898,0.1654,7.43,1.697,0.311,7.72,1.098,0.2016,7.15,3.319,0.6081,7.43,2499.0,0.4582
652,7.81,0.898,0.1656,7.43,1.697,0.3116,7.72,1.098,0.2019,7.15,3.319,0.6089,7.43,2499.0,0.4588
653,7.81,0.898,0.1658,7.43,1.697,0.312,7.72,1.098,0.2022,7.15,3.319,0.6101,7.43,2499.0,0.4595
654,7.8,0.898,0.1662,7.43,1.697,0.3125,7.72,1.098,0.2025,7.15,3.319,0.6109,7.43,2499.0,0.4603
655,7.81,0.898,0.1664,7.43,1.697,0.3129,7.72,1.098,0.2028,7.15,3.319,0.6118,7.43,2499.0,0.461
656,7.81,0.898,0.1666,7.43,1.697,0.3135,7.72,1.098,0.2031,7.15,3.319,0.6127,7.43,2499.0,0.4616
657,7.81,0.898,0.1669,7.43,1.697,0.3139,7.72,1.098,0.2034,7.15,3.319,0.6138,7.43,2499.0,0.4623
658,7.81,0.898,0.1672,7.42,1.697,0.3144,7.72,1.098,0.2038,7.15,3.319,0.6147,7.43,2499.0,0.4632
659,7.81,0.898,0.1674,7.42,1.697,0.3148,7.72,1.098,0.2041,7.15,3.319,0.6155,7.43,2499.0,0.4638
660,7.8,0.898,0.1676,7.42,1.697,0.3154,7.72,1.098,0.2043,7.14,3.319,0.6164,7.43,2499.0,0.4645
661,7.8,0.898,0.1679,7.42,1.697,0.3158,7.72,1.098,0.2046,7.14,3.319,0.6176,7.43,2499.0,0.4651
662,7.8,0.898,0.1681,7.42,1.697,0.3163,7.72,1.098,0.205,7.14,3.319,0.6184,7.43,2499.0,0.466
663,7.8,0.898,0.1684,7.42,1.697,0.3167,7.72,1.098,0.2053,7.14,3.319,0.6193,7.43,2499.0,0.4666
664,7.8,0.898,0.1686,7.42,1.697,0.3173,7.72,1.098,0.2056,7.14,3.319,0.6201,7.43,2499.0,0.4673
665,7.8,0.898,0.1689,7.42,1.697,0.3177,7.72,1.098,0.2059,7.14,3.319,0.6213,7.43,2499.0,0.4679
666,7.8,0.898,0.1692,7.42,1.697,0.3182,7.72,1.098,0.2063,7.14,3.319,0.6221,7.43,2499.0,0.4688
667,7.8,0.898,0.1694,7.42,1.697,0.3186,7.72,1.098,0.2065,7.14,3.319,0.623,7.43,2499.0,0.4694
668,7.8,0.898,0.1697,7.42,1.697,0.3192,7.72,1.098,0.2068,7.14,3.319,0.6239,7.43,2499.0,0.4701
669,7.8,0.898,0.1699,7.42,1.697,0.3197,7.72,1.098,0.2071,7.14,3.319,0.625,7.43,2499.0,0.4707
670,7.8,0.898,0.1702,7.42,1.697,0.3201,7.72,1.098,0.2075,7.14,3.319,0.6259,7.43,2499.0,0.4716
671,7.8,0.898,0.1704,7.42,1.697,0.3205,7.72,1.098,0.2078,7.14,3.319,0.6267,7.42,2499.0,0.4722
672,7.8,0.898,0.1707,7.42,1.697,0.3211,7.71,1.098,0.2081,7.14,3.319,0.6276,7.42,2499.0,0.4729
673,7.8,0.898,0.1709,7.42,1.697,0.3216,7.71,1.098,0.2083,7.14,3.319,0.6288,7.42,2499.0,0.4735
674,7.8,0.898,0.1712,7.42,1.697,0.322,7.71,1.098,0.2087,7.14,3.319,0.6296,7.42,2499.0,0.4744
675,7.8,0.898,0.1714,7.42,1.697,0.3225,7.71,1.098,0.209,7.14,3.319,0.6305,7.42,2499.0,0.4751
676,7.8,0.898,0.1717,7.42,1.697,0.323,7.71,1.098,0.2093,7.14,3.319,0.6313,7.42,2499.0,0.4757
677,7.8,0.898,0.1719,7.42,1.697,0.3235,7.71,1.098,0.2096,7.13,3.319,0.6325,7.42,2499.0,0.4763
678,7.8,0.898,0.1722,7.42,1.697,0.3239,7.71,1.098,0.21,7.13,3.319,0.6333,7.42,2499.0,0.4772
679,7.8,0.898,0.1724,7.42,1.697,0.3244,7.71,1.098,0.2103,7.13,3.319,0.6342,7.42,2499.0,0.4779
680,7.8,0.898,0.1727,7.42,1.697,0.325,7.71,1.098,0.2105,7.13,3.319,0.6351,7.42,2499.0,0.4785
681,7.8,0.898,0.1729,7.42,1.697,0.3254,7.71,1.098,0.2108,7.13,3.319,0.6362,7.42,2499.0,0.4792
682,7.8,0.898,0.1732,7.42,1.697,0.3258,7.71,1.098,0.2112,7.13,3.319,0.6371,7.42,2499.0,0.48
683,7.8,0.898,0.1735,7.42,1.697,0.3263,7.71,1.098,0.2115,7.13,3.319,0.6379,7.42,2499.0,0.4807
684,7.8,0.898,0.1737,7.42,1.697,0.3269,7.71,1.098,0.2118,7.13,3.319,0.6388,7.42,2499.0,0.4813
685,7.8,0.898,0.1739,7.42,1.697,0.3273,7.71,1.098,0.2121,7.13,3.319,0.64,7.42,2499.0,0.482
686,7.8,0.898,0.1742,7.42,1.697,0.3277,7.71,1.098,0.2124,7.13,3.319,0.6408,7.42,2499.0,0.4828
687,7.8,0.898,0.1745,7.42,1.697,0.3282,7.71,1.098,0.2127,7.13,3.319,0.6417,7.42,2499.0,0.4835
688,7.8,0.898,0.1747,7.42,1.697,0.3288,7.71,1.098,0.213,7.13,3.319,0.6425,7.42,2499.0,0.4841
689,7.8,0.898,0.1749,7.42,1.697,0.3292,7.71,1.098,0.2133,7.13,3.319,0.6437,7.42,2499.0,0.4848
690,7.8,0.898,0.1752,7.42,1.697,0.3297,7.71,1.098,0.2137,7.13,3.319,0.6446,7.42,2499.0,0.4856
691,7.8,0.898,0.1755,7.42,1.697,0.3301,7.71,1.098,0.214,7.13,3.319,0.6454,7.42,2499.0,0.4863
692,7.8,0.898,0.1757,7.42,1.697,0.3307,7.71,1.098,0.2142,7.13,3.319,0.6463,7.42,2499.0,0.4869
693,7.8,0.898,0.1759,7.42,1.697,0.3311,7.71,1.098,0.2145,7.13,3.319,0.6474,7.42,2499.0,0.4876
694,7.8,0.898,0.1763,7.42,1.697,0.3316,7.71,1.098,0.2149,7.13,3.319,0.6483,7.42,2499.0,0.4885
695,7.8,0.898,0.1765,7.42,1.697,0.332,7.71,1.098,0.2152,7.13,3.319,0.6491,7.42,2499.0,0.4891
696,7.8,0.898,0.1767,7.42,1.697,0.3326,7.71,1.098,0.2155,7.13,3.319,0.65,7.41,2499.0,0.4898
697,7.8,0.898,0.177,7.42,1.697,0.333,7.71,1.098,0.2158,7.13,3.319,0.6512,7.41,2499.0,0.4904
698,7.8,0.898,0.1773,7.42,1.697,0.3335,7.71,1.098,0.2161,7.13,3.319,0.652,7.41,2499.0,0.4913
699,7.8,0.898,0.1775,7.42,1.697,0.3339,7.71,1.098,0.2164,7.13,3.319,0.6529,7.41,2499.0,0.4919
700,7.8,0.898,0.1777,7.42,1.697,0.3345,7.71,1.098,0.2167,7.13,3.319,0.6538,7.41,2499.0,0.4926
701,7.8,0.898,0.178,7.42,1.697,0.3349,7.71,1.098,0.217,7.13,3.319,0.6549,7.41,2499.0,0.4932
702,7.8,0.898,0.1782,7.42,1.697,0.3354,7.71,1.098,0.2174,7.13,3.319,0.6557,7.41,2499.0,0.4941
703,7.8,0.898,0.1785,7.42,1.697,0.3358,7.71,1.098,0.2177,7.13,3.319,0.6566,7.41,2499.0,0.4947
704,7.8,0.898,0.1787,7.42,1.697,0.3364,7.71,1.098,0.218,7.13,3.319,0.6575,7.41,2499.0,0.4954
705,7.79,0.898,0.179,7.42,1.697,0.3369,7.71,1.098,0.2182,7.13,3.319,0.6586,7.41,2499.0,0.496
706,7.79,0.898,0.1792,7.42,1.697,0.3373,7.71,1.098,0.2186,7.13,3.319,0.6595,7.41,2499.0,0.4969
707,7.79,0.898,0.1795,7.41,1.697,0.3377,7.71,1.098,0.2189,7.13,3.319,0.6604,7.41,2499.0,0.4975
708,7.79,0.898,0.1798,7.41,1.697,0.3383,7.71,1.098,0.2192,7.13,3.319,0.6612,7.41,2499.0,0.4982
709,7.79,0.898,0.18,7.41,1.697,0.3388,7.71,1.098,0.2195,7.13,3.319,0.6624,7.41,2499.0,0.4988
710,7.79,0.898,0.1803,7.41,1.697,0.3392,7.71,1.098,0.2199,7.13,3.319,0.6632,7.41,2499.0,0.4997
711,7.79,0.898,0.1805,7.41,1.697,0.3397,7.71,1.098,0.2201,7.13,3.319,0.6641,7.41,2499.0,0.5004
712,7.79,0.898,0.1808,7.41,1.697,0.3402,7.71,1.098,0.2204,7.13,3.319,0.6649,7.41,2499.0,0.501
713,7.8,0.898,0.181,7.41,1.697,0.3407,7.71,1.098,0.2207,7.12,3.319,0.6661,7.41,2499.0,0.5016
714,7.8,0.898,0.1813,7.41,1.697,0.3411,7.71,1.098,0.2211,7.12,3.319,0.667,7.41,2499.0,0.5025
715,7.79,0.898,0.1815,7.41,1.697,0.3416,7.71,1.098,0.2214,7.12,3.319,0.6678,7.41,2499.0,0.5032
716,7.79,0.898,0.1818,7.41,1.697,0.3422,7.71,1.098,0.2217,7.12,3.319,0.6687,7.41,2499.0,0.5038
717,7.79,0.898,0.182,7.41,1.697,0.3426,7.71,1.098,0.2219,7.12,3.319,0.6698,7.41,2499.0,0.5045
718,7.79,0.898,0.1823,7.41,1.697,0.343,7.71,1.098,0.2223,7.12,3.319,0.6707,7.41,2499.0,0.5053
719,7.79,0.898,0.1826,7.41,1.697,0.3435,7.71,1.098,0.2226,7.12,3.319,0.6715,7.41,2499.0,0.506
720,7.79,0.898,0.1828,7.41,1.697,0.3441,7.71,1.098,0.2229,7.12,3.319,0.6724,7.4,2499.0,0.5066
721,7.79,0.898,0.183,7.41,1.697,0.3445,7.71,1.098,0.2232,7.12,3.319,0.6736,7.4,2499.0,0.5073
722,7.79,0.898,0.1833,7.41,1.697,0.3449,7.71,1.098,0.2236,7.12,3.319,0.6744,7.4,2499.0,0.5081
723,7.79,0.898,0.1836,7.41,1.697,0.3454,7.71,1.098,0.2238,7.12,3.319,0.6753,7.4,2499.0,0.5088
724,7.79,0.898,0.1838,7.41,1.697,0.346,7.71,1.098,0.2241,7.12,3.319,0.6762,7.4,2499.0,0.5094
725,7.79,0.898,0.184,7.41,1.697,0.3464,7.71,1.098,0.2245,7.12,3.319,0.6773,7.4,2499.0,0.5101
726,7.79,0.898,0.1843,7.41,1.697,0.3469,7.71,1.098,0.2248,7.11,3.319,0.6782,7.4,2499.0,0.511
727,7.79,0.898,0.1846,7.41,1.697,0.3473,7.7,1.098,0.2251,7.11,3.319,0.679,7.4,2499.0,0.5116
728,7.79,0.898,0.1848,7.41,1.697,0.3479,7.71,1.098,0.2254,7.11,3.319,0.6799,7.4,2499.0,0.5122
729,7.79,0.898,0.185,7.41,1.697,0.3483,7.7,1.098,0.2257,7.11,3.319,0.681,7.4,2499.0,0.5127
730,7.79,0.898,0.1854,7.41,1.697,0.3488,7.7,1.098,0.226,7.11,3.319,0.6819,7.4,2498.0,0.5138
731,7.79,0.898,0.1856,7.41,1.697,0.3492,7.7,1.098,0.2263,7.11,3.319,0.6828,7.4,2498.0,0.5144
732,7.79,0.898,0.1858,7.41,1.697,0.3498,7.7,1.098,0.2266,7.11,3.319,0.6836,7.4,2498.0,0.5151
733,7.79,0.898,0.1861,7.41,1.697,0.3502,7.7,1.098,0.2269,7.11,3.319,0.6848,7.4,2498.0,0.5157
734,7.79,0.898,0.1864,7.41,1.697,0.3507,7.7,1.098,0.2273,7.11,3.319,0.6856,7.4,2498.0,0.5166
735,7.79,0.898,0.1866,7.41,1.697,0.3511,7.7,1.098,0.2276,7.11,3.319,0.6865,7.4,2498.0,0.5172
736,7.79,0.898,0.1868,7.41,1.697,0.3517,7.7,1.098,0.2278,7.11,3.319,0.6874,7.4,2498.0,0.5179
737,7.79,0.898,0.1871,7.41,1.697,0.3522,7.7,1.098,0.2282,7.11,3.319,0.6885,7.4,2498.0,0.5185
738,7.79,0.898,0.1874,7.41,1.697,0.3526,7.7,1.098,0.2285,7.11,3.319,0.6894,7.4,2498.0,0.5194
739,7.79,0.898,0.1876,7.41,1.697,0.353,7.7,1.098,0.2288,7.11,3.319,0.6902,7.4,2498.0,0.5201
740,7.79,0.898,0.1878,7.41,1.697,0.3536,7.7,1.098,0.2291,7.11,3.319,0.6911,7.4,2498.0,0.5207
741,7.79,0.898,0.1881,7.41,1.697,0.3541,7.7,1.098,0.2294,7.11,3.319,0.6922,7.4,2498.0,0.5213
742,7.79,0.898,0.1884,7.41,1.697,0.3545,7.7,1.098,0.2297,7.11,3.319,0.6931,7.39,2498.0,0.5222
743,7.79,0.898,0.1886,7.41,1.697,0.3549,7.7,1.098,0.23,7.11,3.319,0.694,7.4,2498.0,0.5228
744,7.79,0.898,0.1889,7.41,1.697,0.3555,7.7,1.098,0.2303,7.11,3.319,0.6948,7.39,2498.0,0.5235
745,7.79,0.898,0.1891,7.41,1.697,0.356,7.7,1.098,0.2306,7.11,3.319,0.696,7.39,2498.0,0.5241
746,7.79,0.898,0.1893,7.41,1.697,0.3564,7.7,1.098,0.231,7.11,3.319,0.6968,7.39,2498.0,0.525
747,7.79,0.898,0.1896,7.41,1.697,0.3569,7.7,1.098,0.2313,7.11,3.319,0.6977,7.39,2498.0,0.5257
748,7.79,0.898,0.1899,7.41,1.697,0.3574,7.7,1.098,0.2316,7.11,3.319,0.6986,7.39,2498.0,0.5263
749,7.79,0.898,0.1901,7.41,1.697,0.3579,7.7,1.098,0.2318,7.11,3.319,0.6994,7.39,2498.0,0.5269
750,7.79,0.898,0.1904,7.41,1.697,0.3583,7.7,1.098,0.2322,7.11,3.319,0.7006,7.39,2498.0,0.5278
751,7.79,0.898,0.1906,7.41,1.697,0.3588,7.69,1.098,0.2325,7.11,3.319,0.7014,7.39,2498.0,0.5285
752,7.79,0.898,0.1909,7.4,1.697,0.3594,7.7,1.098,0.2328,7.11,3.319,0.7023,7.39,2498.0,0.5291
753,7.79,0.898,0.1911,7.41,1.697,0.3598,7.69,1.098,0.2331,7.11,3.319,0.7034,7.39,2498.0,0.5298
754,7.79,0.898,0.1914,7.4,1.697,0.3602,7.69,1.098,0.2335,7.11,3.319,0.7043,7.39,2498.0,0.5306
755,7.79,0.898,0.1916,7.4,1.697,0.3607,7.69,1.098,0.2337,7.11,3.319,0.7052,7.39,2498.0,0.5313
756,7.79,0.898,0.1919,7.4,1.697,0.3613,7.69,1.098,0.234,7.1,3.319,0.7061,7.39,2498.0,0.5319
757,7.79,0.898,0.1921,7.4,1.697,0.3617,7.69,1.098,0.2343,7.1,3.319,0.7072,7.39,2498.0,0.5326
758,7.79,0.898,0.1924,7.4,1.697,0.3621,7.69,1.098,0.2347,7.1,3.319,0.708,7.39,2498.0,0.5334
759,7.79,0.898,0.1927,7.4,1.697,0.3626,7.69,1.098,0.235,7.1,3.319,0.7089,7.4,2498.0,0.5341
760,7.79,0.898,0.1929,7.4,1.697,0.3632,7.69,1.098,0.2353,7.1,3.319,0.7098,7.39,2498.0,0.5347
761,7.79,0.898,0.1931,7.4,1.697,0.3636,7.69,1.098,0.2355,7.1,3.319,0.7109,7.39,2498.0,0.5354
762,7.79,0.898,0.1934,7.4,1.697,0.3641,7.69,1.098,0.2359,7.1,3.319,0.7118,7.39,2498.0,0.5362
763,7.79,0.898,0.1937,7.4,1.697,0.3645,7.69,1.098,0.2362,7.1,3.319,0.7126,7.39,2498.0,0.5369
764,7.79,0.898,0.1939,7.4,1.697,0.3651,7.69,1.098,0.2365,7.1,3.319,0.7135,7.39,2498.0,0.5376
765,7.79,0.898,0.1941,7.4,1.697,0.3655,7.69,1.098,0.2368,7.1,3.319,0.7146,7.39,2498.0,0.5382
766,7.78,0.898,0.1944,7.4,1.697,0.366,7.69,1.098,0.2372,7.1,3.319,0.7155,7.39,2498.0,0.5391
767,7.78,0.898,0.1947,7.4,1.697,0.3664,7.69,1.098,0.2374,7.1,3.319,0.7164,7.39,2498.0,0.5397
768,7.78,0.898,0.1949,7.4,1.697,0.367,7.69,1.098,0.2377,7.1,3.319,0.7172,7.39,2498.0,0.5404
769,7.78,0.898,0.1952,7.4,1.697,0.3674,7.7,1.098,0.238,7.1,3.319,0.7184,7.39,2498.0,0.541
770,7.78,0.898,0.1955,7.4,1.697,0.3679,7.7,1.098,0.2384,7.1,3.319,0.7192,7.39,2498.0,0.5419
771,7.78,0.898,0.1957,7.4,1.697,0.3683,7.7,1.098,0.2387,7.1,3.319,0.7201,7.39,2498.0,0.5425
772,7.78,0.898,0.1959,7.4,1.697,0.3689,7.7,1.098,0.239,7.1,3.319,0.721,7.39,2498.0,0.5432
773,7.78,0.898,0.1962,7.4,1.697,0.3694,7.7,1.098,0.2393,7.1,3.319,0.7221,7.39,2498.0,0.5438
774,7.78,0.898,0.1965,7.4,1.697,0.3698,7.7,1.098,0.2396,7.1,3.319,0.723,7.39,2498.0,0.5447
775,7.78,0.898,0.1967,7.4,1.697,0.3702,7.7,1.098,0.2399,7.09,3.319,0.7238,7.39,2498.0,0.5453
776,7.78,0.898,0.1969,7.4,1.697,0.3708,7.7,1.098,0.2402,7.09,3.319,0.7247,7.39,2498.0,0.546
777,7.78,0.898,0.1972,7.4,1.697,0.3713,7.7,1.098,0.2405,7.09,3.319,0.7259,7.39,2498.0,0.5466
778,7.78,0.898,0.1975,7.4,1.697,0.3717,7.7,1.098,0.2409,7.09,3.319,0.7267,7.39,2498.0,0.5475
779,7.78,0.898,0.1977,7.4,1.697,0.3721,7.7,1.098,0.2412,7.09,3.319,0.7276,7.39,2498.0,0.5481
780,7.78,0.898,0.1979,7.4,1.697,0.3727,7.7,1.098,0.2414,7.09,3.319,0.7284,7.39,2498.0,0.5488
781,7.78,0.898,0.1982,7.4,1.697,0.3732,7.7,1.098,0.2417,7.09,3.319,0.7296,7.39,2498.0,0.5494
782,7.78,0.898,0.1985,7.4,1.697,0.3736,7.7,1.098,0.2421,7.09,3.319,0.7304,7.39,2498.0,0.5503
783,7.78,0.898,0.1987,7.4,1.697,0.3741,7.7,1.098,0.2424,7.09,3.319,0.7313,7.39,2498.0,0.551
784,7.78,0.898,0.199,7.4,1.697,0.3746,7.7,1.098,0.2427,7.09,3.319,0.7322,7.39,2498.0,0.5516
785,7.78,0.898,0.1992,7.4,1.697,0.3751,7.7,1.098,0.243,7.09,3.319,0.7333,7.39,2498.0,0.5522
786,7.78,0.898,0.1995,7.4,1.697,0.3755,7.7,1.098,0.2433,7.09,3.319,0.7342,7.39,2498.0,0.5531
787,7.78,0.898,0.1997,7.4,1.697,0.376,7.7,1.098,0.2436,7.09,3.319,0.735,7.39,2498.0,0.5538
788,7.78,0.898,0.2,7.4,1.697,0.3766,7.7,1.098,0.2439,7.09,3.319,0.7359,7.39,2498.0,0.5544
789,7.78,0.898,0.2002,7.4,1.697,0.377,7.7,1.098,0.2442,7.09,3.319,0.7371,7.39,2498.0,0.5551
790,7.78,0.898,0.2005,7.4,1.697,0.3774,7.7,1.098,0.2446,7.09,3.319,0.7379,7.39,2498.0,0.5559
791,7.78,0.898,0.2007,7.4,1.697,0.3779,7.7,1.098,0.2449,7.09,3.319,0.7388,7.39,2498.0,0.5566
792,7.78,0.898,0.2009,7.4,1.697,0.3785,7.69,1.098,0.2452,7.09,3.319,0.7396,7.39,2498.0,0.5572
793,7.78,0.898,0.2013,7.4,1.697,0.3789,7.69,1.098,0.2454,7.09,3.319,0.7408,7.39,2498.0,0.5579
794,7.78,0.898,0.2015,7.4,1.697,0.3793,7.69,1.098,0.2458,7.09,3.319,0.7416,7.39,2498.0,0.5587
795,7.78,0.898,0.2017,7.4,1.697,0.3798,7.69,1.098,0.2461,7.09,3.319,0.7425,7.39,2498.0,0.5594
796,7.78,0.898,0.202,7.4,1.697,0.3804,7.69,1.098,0.2464,7.09,3.319,0.7434,7.39,2498.0,0.5601
797,7.78,0.898,0.2023,7.39,1.697,0.3808,7.69,1.098,0.2467,7.09,3.319,0.7445,7.38,2498.0,0.5607
798,7.78,0.898,0.2025,7.39,1.697,0.3813,7.69,1.098,0.2471,7.09,3.319,0.7453,7.38,2498.0,0.5616
799,7.78,0.898,0.2027,7.39,1.697,0.3817,7.69,1.098,0.2473,7.08,3.319,0.7464,7.38,2498.0,0.5622
800,7.78,0.898,0.203,7.39,1.697,0.3823,7.69,1.098,0.2476,7.09,3.319,0.7473,7.38,2498.0,0.5628
801,7.78,0.898,0.2033,7.39,1.697,0.3827,7.69,1.098,0.2479,7.08,3.319,0.7481,7.38,2498.0,0.5635
802,7.78,0.898,0.2035,7.39,1.697,0.3832,7.69,1.098,0.2483,7.08,3.319,0.749,7.38,2498.0,0.5644
803,7.78,0.898,0.2037,7.39,1.697,0.3836,7.69,1.098,0.2486,7.08,3.319,0.7502,7.38,2498.0,0.565
804,7.78,0.898,0.204,7.39,1.697,0.3842,7.69,1.098,0.2489,7.08,3.319,0.751,7.38,2498.0,0.5657
805,7.78,0.898,0.2043,7.39,1.697,0.3846,7.69,1.098,0.2491,7.08,3.319,0.7519,7.38,2498.0,0.5663
806,7.78,0.898,0.2045,7.39,1.697,0.3851,7.69,1.098,0.2492,7.08,3.319,0.7527,7.38,2498.0,0.5672
807,7.78,0.898,0.2048,7.39,1.697,0.3855,7.69,1.098,0.2499,7.08,3.319,0.7536,7.38,2498.0,0.5678
808,7.78,0.898,0.205,7.39,1.697,0.3861,7.69,1.098,0.2502,7.08,3.319,0.7547,7.38,2498.0,0.5685
809,7.78,0.898,0.2053,7.39,1.697,0.3866,7.69,1.098,0.2505,7.08,3.319,0.7556,7.38,2498.0,0.5691
810,7.78,0.898,0.2055,7.39,1.697,0.387,7.69,1.098,0.2508,7.08,3.319,0.7565,7.38,2498.0,0.57
811,7.78,0.898,0.2058,7.39,1.697,0.3874,7.69,1.098,0.2512,7.08,3.319,0.7576,7.38,2498.0,0.5706
812,7.78,0.898,0.206,7.39,1.697,0.388,7.69,1.098,0.2515,7.08,3.319,0.7585,7.38,2498.0,0.5713
813,7.78,0.898,0.2063,7.39,1.697,0.3885,7.69,1.098,0.2518,7.08,3.319,0.7593,7.38,2498.0,0.5719
814,7.78,0.898,0.2065,7.39,1.697,0.3889,7.69,1.098,0.252,7.08,3.319,0.7602,7.38,2498.0,0.5728
815,7.78,0.898,0.2068,7.39,1.697,0.3893,7.69,1.098,0.2524,7.08,3.319,0.7613,7.38,2498.0,0.5734
816,7.78,0.898,0.207,7.39,1.697,0.3899,7.69,1.098,0.2527,7.08,3.319,0.7622,7.38,2498.0,0.5741
817,7.78,0.898,0.2073,7.39,1.697,0.3904,7.69,1.098,0.253,7.08,3.319,0.7631,7.38,2498.0,0.5747
818,7.78,0.898,0.2076,7.39,1.697,0.3908,7.69,1.098,0.2533,7.08,3.319,0.7639,7.38,2498.0,0.5756
819,7.78,0.898,0.2078,7.39,1.697,0.3913,7.69,1.098,0.2536,7.08,3.319,0.7651,7.38,2498.0,0.5762
820,7.78,0.898,0.208,7.39,1.697,0.3918,7.69,1.098,0.2539,7.08,3.319,0.7659,7.38,2498.0,0.5769
821,7.78,0.898,0.2083,7.39,1.697,0.3923,7.69,1.098,0.2542,7.08,3.319,0.7668,7.38,2498.0,0.5776
822,7.78,0.898,0.2086,7.39,1.697,0.3927,7.69,1.098,0.2545,7.08,3.319,0.7677,7.38,2498.0,0.5784
823,7.78,0.898,0.2088,7.39,1.697,0.3932,7.69,1.098,0.2549,7.08,3.319,0.7685,7.38,2498.0,0.5791
824,7.78,0.898,0.209,7.39,1.697,0.3938,7.69,1.098,0.2552,7.08,3.319,0.7697,7.38,2498.0,0.5797
825,7.78,0.898,0.2093,7.39,1.697,0.3942,7.69,1.098,0.2555,7.08,3.319,0.7705,7.38,2498.0,0.5804
826,7.78,0.898,0.2096,7.39,1.697,0.3946,7.69,1.098,0.2558,7.08,3.319,0.7714,7.38,2498.0,0.5812
827,7.78,0.898,0.2098,7.39,1.697,0.3951,7.69,1.098,0.2561,7.08,3.319,0.7726,7.38,2498.0,0.5819
828,7.78,0.898,0.21,7.39,1.697,0.3957,7.69,1.098,0.2564,7.07,3.319,0.7734,7.37,2498.0,0.5825
829,7.78,0.898,0.2104,7.39,1.697,0.3961,7.69,1.098,0.2567,7.07,3.319,0.7743,7.37,2498.0,0.5832
830,7.78,0.898,0.2106,7.39,1.697,0.3966,7.69,1.098,0.257,7.07,3.319,0.7752,7.38,2498.0,0.584
831,7.78,0.898,0.2108,7.39,1.697,0.397,7.69,1.098,0.2574,7.07,3.319,0.7763,7.37,2498.0,0.5847
832,7.78,0.898,0.2111,7.39,1.697,0.3976,7.69,1.098,0.2577,7.07,3.319,0.7772,7.37,2498.0,0.5853
833,7.78,0.898,0.2114,7.39,1.697,0.398,7.69,1.098,0.2579,7.07,3.319,0.778,7.37,2498.0,0.586
834,7.78,0.898,0.2116,7.39,1.697,0.3985,7.69,1.098,0.2582,7.07,3.319,0.7789,7.37,2498.0,0.5868
835,7.78,0.898,0.2118,7.39,1.697,0.3989,7.69,1.098,0.2585,7.07,3.319,0.78,7.37,2498.0,0.5875
836,7.78,0.898,0.2121,7.39,1.697,0.3995,7.68,1.098,0.2588,7.07,3.319,0.7809,7.37,2498.0,0.5881
837,7.78,0.898,0.2124,7.39,1.697,0.3999,7.68,1.098,0.2592,7.07,3.319,0.7817,7.37,2498.0,0.5888
838,7.78,0.898,0.2126,7.39,1.697,0.4004,7.68,1.098,0.2595,7.07,3.319,0.7826,7.37,2498.0,0.5897
839,7.78,0.898,0.2128,7.39,1.697,0.4008,7.68,1.098,0.2598,7.07,3.319,0.7838,7.37,2498.0,0.5903
840,7.78,0.898,0.2131,7.39,1.697,0.4014,7.68,1.098,0.2601,7.07,3.319,0.7846,7.37,2498.0,0.591
841,7.78,0.898,0.2134,7.39,1.697,0.4018,7.68,1.098,0.2605,7.07,3.319,0.7855,7.37,2498.0,0.5916
842,7.78,0.898,0.2136,7.39,1.697,0.4023,7.68,1.098,0.2607,7.07,3.319,0.7863,7.37,2498.0,0.5925
843,7.78,0.898,0.2138,7.39,1.697,0.4027,7.68,1.098,0.261,7.07,3.319,0.7875,7.37,2498.0,0.5931
844,7.78,0.898,0.2141,7.39,1.697,0.4033,7.68,1.098,0.2613,7.07,3.319,0.7884,7.37,2498.0,0.5938
845,7.78,0.898,0.2144,7.39,1.697,0.4038,7.68,1.098,0.2617,7.07,3.319,0.7892,7.37,2498.0,0.5944
846,7.78,0.898,0.2146,7.38,1.697,0.4042,7.68,1.098,0.262,7.07,3.319,0.7901,7.37,2498.0,0.5953
847,7.78,0.898,0.2149,7.38,1.697,0.4046,7.68,1.098,0.2623,7.07,3.319,0.7912,7.37,2498.0,0.5959
848,7.78,0.898,0.2151,7.38,1.697,0.4052,7.68,1.098,0.2626,7.07,3.319,0.7921,7.37,2498.0,0.5966
849,7.78,0.898,0.2154,7.38,1.697,0.4057,7.68,1.098,0.2629,7.07,3.319,0.793,7.37,2498.0,0.5972
850,7.78,0.898,0.2156,7.38,1.697,0.4061,7.68,1.098,0.2632,7.07,3.319,0.7938,7.37,2498.0,0.5981
851,7.78,0.898,0.2159,7.38,1.697,0.4065,7.68,1.098,0.2635,7.07,3.319,0.795,7.37,2498.0,0.5987
852,7.78,0.898,0.2161,7.38,1.697,0.4071,7.68,1.098,0.2638,7.07,3.319,0.7958,7.37,2498.0,0.5994
853,7.78,0.898,0.2164,7.38,1.697,0.4076,7.68,1.098,0.2642,7.07,3.319,0.7967,7.37,2498.0,0.6
854,7.78,0.898,0.2166,7.38,1.697,0.408,7.68,1.098,0.2644,7.06,3.319,0.7975,7.37,2498.0,0.6009
855,7.78,0.898,0.2169,7.38,1.697,0.4085,7.68,1.098,0.2647,7.06,3.319,0.7987,7.37,2498.0,0.6016
856,7.78,0.898,0.2171,7.38,1.697,0.409,7.68,1.098,0.265,7.06,3.319,0.7996,7.37,2498.0,0.6022
857,7.78,0.898,0.2174,7.38,1.697,0.4095,7.68,1.098,0.2654,7.06,3.319,0.8004,7.36,2498.0,0.6028
858,7.78,0.898,0.2177,7.38,1.697,0.4099,7.68,1.098,0.2657,7.06,3.319,0.8013,7.36,2498.0,0.6037
859,7.78,0.898,0.2179,7.38,1.697,0.4104,7.68,1.098,0.266,7.06,3.319,0.8024,7.36,2498.0,0.6044
860,7.78,0.898,0.2181,7.38,1.697,0.411,7.68,1.098,0.2663,7.06,3.319,0.8033,7.36,2498.0,0.605
861,7.78,0.898,0.2184,7.38,1.697,0.4114,7.68,1.098,0.2666,7.06,3.319,0.8042,7.36,2498.0,0.6057
862,7.78,0.898,0.2187,7.38,1.697,0.4118,7.68,1.098,0.2669,7.06,3.319,0.805,7.36,2498.0,0.6065
863,7.78,0.898,0.2189,7.38,1.697,0.4123,7.68,1.098,0.2672,7.06,3.319,0.8062,7.36,2498.0,0.6072
864,7.78,0.898,0.2191,7.38,1.697,0.4129,7.68,1.098,0.2675,7.06,3.319,0.8071,7.36,2498.0,0.6078
865,7.78,0.898,0.2194,7.38,1.697,0.4133,7.68,1.098,0.2679,7.06,3.319,0.8079,7.36,2498.0,0.6085
866,7.78,0.898,0.2197,7.38,1.697,0.4137,7.68,1.098,0.2682,7.06,3.319,0.8087,7.36,2498.0,0.6093
867,7.78,0.898,0.2199,7.38,1.697,0.4142,7.68,1.098,0.2684,7.06,3.319,0.8099,7.36,2498.0,0.61
868,7.77,0.898,0.2201,7.38,1.697,0.4148,7.68,1.098,0.2687,7.06,3.319,0.8108,7.36,2498.0,0.6106
869,7.77,0.898,0.2205,7.38,1.697,0.4152,7.68,1.098,0.2691,7.06,3.319,0.8116,7.36,2498.0,0.6113
870,7.77,0.898,0.2207,7.38,1.697,0.4157,7.68,1.098,0.2694,7.06,3.319,0.8125,7.36,2498.0,0.6121
871,7.77,0.898,0.2209,7.38,1.697,0.4161,7.68,1.098,0.2697,7.06,3.319,0.8136,7.36,2498.0,0.6128
872,7.77,0.898,0.2212,7.38,1.697,0.4167,7.67,1.098,0.27,7.06,3.319,0.8145,7.36,2498.0,0.6134
873,7.77,0.898,0.2215,7.38,1.697,0.4171,7.67,1.098,0.2703,7.06,3.319,0.8154,7.36,2498.0,0.6141
874,7.77,0.898,0.2217,7.38,1.697,0.4176,7.67,1.098,0.2706,7.06,3.319,0.8162,7.36,2498.0,0.6149
875,7.77,0.898,0.2219,7.38,1.697,0.418,7.67,1.098,0.2709,7.06,3.319,0.8174,7.36,2498.0,0.6156
876,7.77,0.898,0.2222,7.38,1.697,0.4186,7.67,1.098,0.2712,7.06,3.319,0.8182,7.36,2498.0,0.6162
877,7.77,0.898,0.2225,7.38,1.697,0.419,7.67,1.098,0.2716,7.06,3.319,0.8191,7.36,2498.0,0.6169
878,7.77,0.898,0.2227,7.38,1.697,0.4195,7.67,1.098,0.2719,7.06,3.319,0.82,7.36,2498.0,0.6178
879,7.77,0.898,0.2229,7.38,1.697,0.4199,7.67,1.098,0.2722,7.06,3.319,0.8211,7.36,2498.0,0.6184
880,7.77,0.898,0.2232,7.38,1.697,0.4205,7.67,1.098,0.2724,7.06,3.319,0.822,7.36,2498.0,0.6191
881,7.77,0.898,0.2235,7.38,1.697,0.421,7.67,1.098,0.2727,7.06,3.319,0.8228,7.36,2498.0,0.6197
882,7.77,0.898,0.2237,7.38,1.697,0.4214,7.67,1.098,0.2731,7.06,3.319,0.8237,7.36,2498.0,0.6206
883,7.77,0.898,0.224,7.38,1.697,0.4218,7.67,1.098,0.2734,7.06,3.319,0.8248,7.36,2498.0,0.6212
884,7.77,0.898,0.2242,7.38,1.697,0.4224,7.67,1.098,0.2737,7.06,3.319,0.8257,7.36,2498.0,0.6219
885,7.77,0.898,0.2245,7.38,1.697,0.4229,7.67,1.098,0.274,7.06,3.319,0.8266,7.36,2498.0,0.6225
886,7.77,0.898,0.2247,7.38,1.697,0.4233,7.67,1.098,0.2743,7.06,3.319,0.8274,7.35,2498.0,0.6234
887,7.77,0.898,0.225,7.38,1.697,0.4237,7.67,1.098,0.2746,7.06,3.319,0.8286,7.36,2498.0,0.624
888,7.77,0.898,0.2252,7.38,1.697,0.4243,7.67,1.098,0.2749,7.06,3.319,0.8294,7.35,2498.0,0.6247
889,7.77,0.898,0.2255,7.38,1.697,0.4248,7.67,1.098,0.2753,7.06,3.319,0.8303,7.35,2498.0,0.6253
890,7.77,0.898,0.2257,7.38,1.697,0.4252,7.67,1.098,0.2756,7.06,3.319,0.8312,7.35,2498.0,0.6262
891,7.77,0.898,0.226,7.38,1.697,0.4257,7.67,1.098,0.2759,7.06,3.319,0.8323,7.35,2498.0,0.6268
892,7.77,0.898,0.2262,7.38,1.697,0.4262,7.67,1.098,0.2761,7.05,3.319,0.8332,7.35,2498.0,0.6275
893,7.78,0.898,0.2265,7.37,1.697,0.4267,7.67,1.098,0.2765,7.05,3.319,0.834,7.35,2498.0,0.6283
894,7.78,0.898,0.2268,7.37,1.697,0.4271,7.67,1.098,0.2768,7.05,3.319,0.8349,7.35,2498.0,0.6289
895,7.78,0.898,0.227,7.37,1.697,0.4276,7.67,1.098,0.2771,7.05,3.319,0.8361,7.35,2498.0,0.6296
896,7.78,0.898,0.2272,7.37,1.697,0.4282,7.67,1.098,0.2774,7.05,3.319,0.8369,7.35,2498.0,0.6305
897,7.78,0.898,0.2275,7.37,1.697,0.4286,7.67,1.098,0.2777,7.05,3.319,0.8378,7.35,2498.0,
898,7.78,0.898,0.2278,7.37,1.697,0.429,7.67,1.098,0.278,7.05,3.319,0.8386,7.35,2498.0,
899,7.78,0.898,0.228,7.37,1.697,0.4295,7.67,1.098,0.2783,7.05,3.319,0.8398,7.35,2498.0,
900,7.78,0.898,0.2282,7.37,1.697,0.4301,7.67,1.098,0.2786,7.05,3.319,0.8406,7.35,2498.0,
901,7.77,0.898,0.2285,7.37,1.697,0.4304,7.67,1.098,0.279,7.05,3.319,0.8412,,,
902,7.78,0.898,0.2288,,,,,,,,,,,,
903,7.78,0.898,0.229,,,,,,,,,,,,
904,7.78,0.898,0.2292,,,,,,,,,,,,
